arb_id,opr_project_id,ea_cop,start_year,rp1_start_date,rp1_end_date,rp1_vintage,issuance_year,n_reporting_periods,last_year,total_arbocs
CAFR5003,CAR973,COP,2012.0,2012-08-08,2013-06-23,2013.0,2014.0,4.0,2016,3112123
CAFR5011,CAR993,COP,2012.0,2012-03-31,2013-03-31,2013.0,2014.0,10.0,2022,1142516
CAFR5012,ACR182,COP,2012.0,2012-03-25,2013-08-25,2013.0,2014.0,10.0,2022,171828
CAFR5016,ACR189,COP,2012.0,2012-04-19,2013-06-30,2013.0,2014.0,12.0,2024,354862
CAFR5028,ACR173,COP,2012.0,2012-07-29,2013-11-30,2013.0,2015.0,4.0,2016,597657
CAFR5029,ACR192,COP,2013.0,2013-05-13,2013-12-06,2013.0,2015.0,7.0,2019,249376
CAFR5034,ACR199,COP,2013.0,2013-07-08,2014-01-07,2014.0,2014.0,9.0,2022,2606437
CAFR5037,CAR1032,COP,2013.0,2013-04-25,2013-12-31,2013.0,2015.0,10.0,2022,412505
CAFR5038,CAR1041,COP,2013.0,2013-12-19,2015-02-03,2015.0,2017.0,1.0,2015,662284
CAFR5043,ACR202,COP,2013.0,2013-12-27,2014-06-30,2014.0,2015.0,6.0,2019,1042277
CAFR5051,CAR1063,COP,2014.0,2014-01-01,2015-07-30,2015.0,2020.0,7.0,2021,180143
CAFR5055,CAR1013,COP,2013.0,2013-06-01,2014-05-31,2014.0,2015.0,8.0,2021,1131138
CAFR5057,CAR1062,COP,2014.0,2014-01-01,2015-04-30,,2017.0,7.0,2021,29524
CAFR5058,CAR1066,COP,2014.0,2014-04-07,2015-01-25,2015.0,2017.0,1.0,2015,302354
CAFR5063,CAR1067,COP,2013.0,2013-09-02,2014-03-01,2014.0,2016.0,1.0,2014,4343
CAFR5072,ACR211,COP,2012.0,2012-09-19,2014-07-31,2014.0,2015.0,9.0,2022,5034802
CAFR5076,CAR1046,COP,2013.0,2013-11-18,2014-09-18,2014.0,2015.0,3.0,2016,847895
CAFR5084,CAR1086,COP,2012.0,2012-07-27,2014-07-26,2014.0,2016.0,7.0,2020,164579
CAFR5089,CAR1088,COP,2013.0,2013-01-01,2014-08-31,2014.0,2016.0,7.0,2020,1138123
CAFR5090,CAR1070,COP,2015.0,2015-01-01,2016-12-31,2016.0,2019.0,8.0,2023,1534833
CAFR5093,ACR210,COP,2016.0,2016-04-21,2016-10-20,2016.0,2019.0,7.0,2022,1507676
CAFR5095,CAR1094,COP,2012.0,2012-12-20,2014-12-19,2014.0,2016.0,7.0,2020,61138
CAFR5096,CAR1095,COP,2014.0,2014-01-17,2014-09-30,2014.0,2015.0,9.0,2022,2203419
CAFR5105,CAR1109,COP,2014.0,2014-01-01,2015-08-14,2015.0,2016.0,9.0,2023,265736
CAFR5106,CAR1100,COP,2015.0,2015-01-01,2016-04-15,2016.0,2017.0,8.0,2023,582975
CAFR5110,CAR1110,COP,2017.0,2017-04-01,2019-03-31,2019.0,2025.0,6.0,2024,329982
CAFR5130,CAR1130,COP,2013.0,2013-08-31,2015-04-30,2015.0,2016.0,7.0,2021,142237
CAFR5137,CAR1099,COP,2015.0,2015-01-01,2016-05-31,2016.0,2017.0,9.0,2024,727776
CAFR5141,CAR1098,COP,2015.0,2015-01-01,2016-02-14,2016.0,2017.0,9.0,2024,1312989
CAFR5147,CAR1147,COP,2015.0,2015-01-01,2016-12-31,2016.0,2018.0,5.0,2020,249891
CAFR5148,CAR1102,COP,2016.0,2016-04-22,2016-11-15,2016.0,2018.0,6.0,2021,232770
CAFR5149,CAR1103,COP,2014.0,2014-06-21,2015-06-21,2015.0,2016.0,10.0,2024,339109
CAFR5150,CAR1104,COP,2014.0,2014-12-30,2015-12-08,2015.0,2017.0,4.0,2018,315394
CAFR5159,CAR1159,COP,2015.0,2015-01-01,2016-12-31,2016.0,2018.0,5.0,2020,145774
CAFR5160,CAR1160,COP,2015.0,2015-01-01,2016-12-31,2016.0,2018.0,5.0,2020,85135
CAFR5161,CAR1161,COP,2015.0,2015-07-16,2017-07-15,2017.0,2019.0,1.0,2017,7762
CAFR5162,CAR1162,COP,2015.0,2015-07-16,2017-07-15,2017.0,2020.0,1.0,2017,777
CAFR5164,CAR1164,COP,2015.0,2015-12-31,2017-12-30,,,1.0,2017,reforest defer
CAFR5165,CAR1165,COP,2015.0,2015-12-31,2017-12-30,,,1.0,2017,reforest defer
CAFR5167,CAR1167,COP,2015.0,2015-12-31,2017-12-30,,,1.0,2017,reforest defer
CAFR5170,CAR1140,COP,2015.0,2015-01-01,2015-12-31,2015.0,2017.0,8.0,2022,915192
CAFR5171,CAR1141,COP,2015.0,2015-01-01,2016-12-31,2016.0,2019.0,7.0,2022,62329
CAFR5182,CAR1134,COP,2015.0,2015-01-01,2016-12-31,2016.0,2018.0,1.0,2016,28408
CAFR5186,ACR246,COP,2015.0,2015-01-01,2016-12-31,,,1.0,2016,reforest defer
CAFR5187,ACR245,COP,2015.0,2015-01-01,2016-12-31,,,1.0,2016,reforest defer
CAFR5192,CAR1173,COP,2015.0,2015-07-14,2017-06-30,2017.0,2019.0,5.0,2021,432291
CAFR5195,CAR1175,COP,2014.0,2014-05-28,2015-08-31,2015.0,2016.0,10.0,2024,4826966
CAFR5198,ACR248,COP,2015.0,2015-06-24,2016-03-23,2016.0,2016.0,8.0,2023,3800636
CAFR5199,ACR249,COP,2015.0,2015-03-23,2015-09-23,2015.0,2017.0,6.0,2020,5248622
CAFR5200,ACR200,COP,2013.0,2013-12-10,2015-06-30,2015.0,2016.0,10.0,2024,169491
CAFR5202,ACR247,COP,2014.0,2014-05-16,2016-05-15,2016.0,2020.0,6.0,2021,839039
CAFR5204,ACR256,COP,2015.0,2015-02-12,2016-02-11,2016.0,2016.0,8.0,2023,427008
CAFR5205,ACR265,COP,2015.0,2015-04-29,2015-10-29,2015.0,2017.0,10.0,2024,379460
CAFR5206,ACR266,COP,2015.0,2015-06-10,2015-12-10,2015.0,2017.0,9.0,2023,1168649
CAFR5207,ACR267,COP,2015.0,2015-09-08,2017-04-30,2017.0,2018.0,5.0,2021,2024853
CAFR5208,ACR268,COP,2016.0,2016-07-14,2017-06-23,2017.0,2018.0,8.0,2024,8677262
CAFR5209,ACR269,COP,2016.0,2016-08-09,2018-06-24,2018.0,2019.0,5.0,2022,1797874
CAFR5212,ACR262,COP,2014.0,2014-08-14,2015-09-30,2015.0,2016.0,9.0,2023,1194454
CAFR5213,ACR257,COP,2015.0,2015-04-14,2015-12-31,2015.0,2020.0,7.0,2021,236911
CAFR5214,ACR260,COP,2014.0,2014-12-05,2015-09-27,2015.0,2018.0,5.0,2019,2703449
CAFR5220,CAR1190,COP,2015.0,2015-06-04,2017-06-03,2017.0,2019.0,6.0,2022,506395
CAFR5224,CAR1174,COP,2016.0,2016-08-01,2017-07-31,2017.0,2019.0,3.0,2019,280890
CAFR5225,ACR255,COP,2015.0,2015-10-08,2016-07-07,2016.0,2017.0,7.0,2022,14773048
CAFR5226,ACR276,COP,2015.0,2015-10-27,2017-04-30,2017.0,2018.0,7.0,2023,2443359
CAFR5229,ACR279,COP,2015.0,2015-10-20,2017-05-31,2017.0,2019.0,5.0,2021,758189
CAFR5230,ACR280,COP,2015.0,2015-10-20,2017-04-30,2017.0,2019.0,7.0,2023,1408367
CAFR5231,ACR281,COP,2015.0,2015-10-27,2016-08-26,2016.0,2018.0,5.0,2020,407974
CAFR5232,ACR282,COP,2015.0,2015-03-19,2016-06-30,2016.0,2017.0,8.0,2023,1464680
CAFR5233,ACR273,COP,2015.0,2015-10-13,2016-12-15,2016.0,2018.0,6.0,2021,1145363
CAFR5234,ACR274,COP,2014.0,2014-09-29,2016-07-31,2016.0,2017.0,9.0,2024,1280798
CAFR5235,ACR284,COP,2015.0,2015-10-15,2017-02-02,2017.0,2018.0,8.0,2024,865281
CAFR5237,ACR287,COP,2016.0,2016-08-05,2018-05-13,2018.0,2019.0,7.0,2024,700067
CAFR5238,ACR288,COP,2015.0,2015-07-29,2016-02-28,2016.0,2017.0,7.0,2022,35483
CAFR5242,ACR292,COP,2015.0,2015-10-21,2016-06-30,2016.0,2017.0,7.0,2022,226125
CAFR5243,ACR293,COP,2015.0,2015-10-29,2017-08-11,2017.0,2020.0,1.0,2017,463017
CAFR5253,ACR303,COP,2015.0,2015-10-28,2016-09-15,2016.0,2018.0,4.0,2019,6522969
CAFR5270,VCSOPR10,COP,2015.0,2015-10-30,2017-10-29,2017.0,2020.0,1.0,2017,97193
CAFR5280,CAR1180,COP,2015.0,2015-03-24,2016-06-30,2016.0,2017.0,9.0,2024,1282877
CAFR5281,CAR1139,COP,2015.0,2015-01-01,2015-12-31,2015.0,2017.0,10.0,2024,2621421
CAFR5283,CAR1183,COP,2015.0,2015-10-16,2016-08-15,2016.0,2018.0,5.0,2020,4569074
CAFR5291,CAR1191,COP,2015.0,2015-06-04,2016-06-13,2016.0,2019.0,7.0,2022,1205033
CAFR5294,ACR324,COP,2016.0,2016-06-10,2016-12-09,2016.0,2018.0,6.0,2021,12905419
CAFR5297,CAR1197,COP,2015.0,2015-10-30,2017-08-11,2017.0,2019.0,7.0,2023,1874916
CAFR5304,CAR1204,COP,2015.0,2015-10-29,2017-08-11,2017.0,2018.0,7.0,2023,182671
CAFR5305,CAR1205,COP,2017.0,2017-12-19,2018-08-18,2018.0,2020.0,4.0,2021,3437744
CAFR5308,CAR1208,COP,2016.0,2016-10-04,2017-10-03,2017.0,2020.0,8.0,2024,884217
CAFR5309,CAR1209,COP,2015.0,2015-10-30,2017-05-31,2017.0,2018.0,6.0,2022,679990
CAFR5313,CAR1213,COP,2015.0,2015-10-26,2017-01-02,2017.0,2018.0,5.0,2021,1206679
CAFR5315,CAR1215,COP,2015.0,2015-10-28,2017-08-31,2017.0,2019.0,5.0,2021,3692291
CAFR5317,CAR1217,COP,2013.0,2013-09-30,2015-09-29,2015.0,2016.0,7.0,2021,709536
CAFR5337,CAR1257,COP,2017.0,2017-08-07,2018-08-06,2018.0,2019.0,5.0,2022,2287006
CAFR5360,ACR360,COP,2017.0,2017-01-03,2017-07-02,2017.0,2018.0,4.0,2020,15769238
CAFR5361,ACR361,COP,2016.0,2016-12-27,2018-03-26,2018.0,2019.0,3.0,2020,2469092
CAFR5364,CAR1264,COP,2017.0,2017-06-06,2018-06-06,2018.0,2020.0,6.0,2023,7563693
CAFR5371,ACR371,COP,2017.0,2017-03-10,2017-09-09,2017.0,2019.0,6.0,2022,417462
CAFR5373,ACR373,COP,2017.0,2017-03-13,2017-12-01,2017.0,2019.0,7.0,2023,554138
CAFR5377,ACR377,COP,2016.0,2016-09-16,2017-03-16,2017.0,2018.0,4.0,2020,397743
CAFR5378,ACR378,COP,2016.0,2016-09-16,2017-03-16,2017.0,2018.0,7.0,2023,371165
CAFR5382,CAR1292,COP,2017.0,2017-12-31,2019-03-29,2019.0,2022.0,4.0,2022,1596779
CAFR5384,CAR1293,COP,2017.0,2017-12-31,2019-03-29,2019.0,2022.0,4.0,2022,1386286
CAFR5393,ACR393,COP,2017.0,2017-10-19,2018-10-18,2018.0,2020.0,1.0,2018,172592
CAFR5395,ACR395,COP,2017.0,2017-11-27,2019-11-26,2019.0,2020.0,2.0,2020,994759
CAFR5397,CAR1297,COP,2018.0,2018-03-02,2019-01-11,2019.0,2019.0,1.0,2019,300300
CAFR5413,ACR413,COP,2019.0,2019-05-23,2020-05-22,2020.0,2021.0,1.0,2020,1176746
CAFR5416,ACR416,COP,2018.0,2018-08-31,2019-02-28,2019.0,2020.0,3.0,2021,3877874
CAFR5417,ACR417,COP,2018.0,2018-04-18,2018-10-17,2018.0,2019.0,3.0,2020,1106117
CAFR5420,ACR420,COP,2018.0,2018-04-13,2018-10-12,2018.0,2020.0,1.0,2018,2559626
CAFR5423,ACR423,COP,2018.0,2018-04-25,2018-10-25,2018.0,2020.0,1.0,2018,28048
CAFR5425,ACR425,COP,2018.0,2018-06-06,2019-03-31,2019.0,2020.0,2.0,2020,475920
CAFR5427,ACR427,COP,2018.0,2018-06-15,2018-12-14,2018.0,2020.0,5.0,2022,1891309
CAFR5428,ACR428,COP,2018.0,2018-07-25,2019-07-24,2019.0,2020.0,1.0,2019,1028121
CAFR5437,ACR437,COP,2018.0,2018-10-30,2019-10-31,2019.0,2020.0,4.0,2022,8015223
CAFR5439,ACR439,COP,2019.0,2019-01-31,2019-09-30,2019.0,2021.0,5.0,2023,829168
CAFR5458,ACR458,COP,2019.0,2019-01-18,2019-07-17,2019.0,2020.0,2.0,2020,362722
CAFR5549,ACR549,COP,2020.0,2020-05-05,2020-11-04,2020.0,2021.0,3.0,2022,667729
CAFR5554,ACR554,COP,2020.0,2020-07-30,2021-01-30,2021.0,2022.0,5.0,2025,507006
CAFR5555,ACR555,COP,2023.0,2023-08-29,2024-02-29,2024.0,2025.0,1.0,2024,4890961
CAFR5570,ACR570,COP,2020.0,2020-07-25,2022-07-24,2022.0,2023.0,1.0,2022,36742
CAFR5638,ACR638,COP,2021.0,2021-04-30,2021-10-29,2021.0,2023.0,3.0,2023,2787700
CAFR5741,ACR741,COP,2021.0,2021-02-10,2022-03-31,2022.0,2023.0,3.0,2024,99763
CAFR5751,ACR751,COP,2021.0,2021-09-08,2022-03-08,2022.0,2023.0,3.0,2024,1101291
CAFR6313,CAR1313,COP,2018.0,2018-06-22,2018-12-31,2018.0,2020.0,1.0,2018,440956
CAFR6314,CAR1314,COP,2018.0,2018-09-18,2019-04-15,2019.0,2020.0,2.0,2020,1543995
CAFR6329,CAR1329,COP,2019.0,2019-01-02,2019-07-31,2019.0,2020.0,4.0,2022,551534
CAFR6330,CAR1330,COP,2019.0,2019-02-26,2019-08-25,2019.0,2021.0,4.0,2022,259873
CAFR6332,CAR1332,COP,2019.0,2019-02-20,2019-08-20,2019.0,2021.0,5.0,2023,785078
CAFR6336,CAR1336,COP,2018.0,2018-12-12,2019-08-11,2019.0,2021.0,6.0,2024,1058634
CAFR6339,CAR1339,COP,2019.0,2019-05-01,2019-10-31,2019.0,2020.0,5.0,2023,3221412
CAFR6368,CAR1368,COP,2018.0,2018-08-31,2019-06-30,2019.0,2020.0,1.0,2019,472013
CAFR6373,CAR1373,COP,2019.0,2019-08-09,2020-03-30,2020.0,2021.0,2.0,2021,628633
CAFR6374,CAR1374,COP,2019.0,2019-08-09,2020-03-30,2020.0,2021.0,2.0,2021,537831
CAFR6381,CAR1381,COP,2019.0,2019-10-15,2021-03-31,2021.0,2023.0,4.0,2024,2500597
CAFR6382,CAR1382,COP,2019.0,2019-10-25,2020-04-24,2020.0,2024.0,3.0,2022,162382
CAFR6384,CAR1384,COP,2019.0,2019-10-25,2020-04-24,2020.0,2024.0,5.0,2024,732932
CAFR6391,CAR1391,COP,2019.0,2019-12-18,2020-06-17,2020.0,2021.0,1.0,2020,998971
CAFR6408,CAR1408,COP,2020.0,2020-04-01,2021-03-31,2021.0,2024.0,2.0,2022,430662
CAFR6409,CAR1409,COP,2020.0,2020-04-01,2021-03-31,2021.0,2025.0,4.0,2024,1284348
CAFR6436,CAR1436,COP,2020.0,2020-07-10,2021-01-09,2021.0,2021.0,3.0,2023,1621957
CAFR6487,CAR1487,COP,2020.0,2020-06-01,2022-05-31,,,1.0,2022,reforest defer
CAFR6490,CAR1490,COP,2021.0,2021-09-30,2023-09-29,,,1.0,2023,reforest defer
CAFR6491,CAR1491,COP,2021.0,2021-09-30,2023-09-29,,,1.0,2023,reforest defer
CAFR6554,CAR1554,COP,2021.0,2021-12-06,2022-06-06,2022.0,2024.0,3.0,2024,578213
CAFR6783,CAR1783,COP,2022.0,2022-03-21,2024-03-20,,,1.0,2024,reforest defer
CAFR6822,CAR1822,COP,2023.0,2023-07-05,2024-01-04,2024.0,2026.0,1.0,2024,464245
CAFR0001,CAR661,EA,2004.0,2004-01-01,2004-12-31,2004.0,2013.0,11.0,2014,1464582
CAFR0002,CAR657,EA,2010.0,2010-04-27,2011-12-31,2011.0,2013.0,3.0,2013,284043
CAFR0026,CAR659,EA,,,,,,12.0,2014,109583
CAFR0027,CAR802,EA,,,,,,8.0,2010,34856
CAFR0028,CAR688,EA,,,,,,9.0,2010,36597
CAFR0029,CAR497,EA,2010.0,2010-05-14,2010-12-31,2010.0,2015.0,5.0,2014,604218
CAFR0030,CAR683,EA,2007.0,2007-07-17,2007-12-31,2007.0,2014.0,3.0,2009,570049
CAFR0031,CAR676,EA,,,,,,11.0,2012,234992
CAFR0040,CAR102,EA,,,,,,10.0,2013,315573
CAFR0041,CAR408,EA,,,,,,6.0,2012,976671
CAFR0042,CAR660,EA,,,,,,11.0,2014,414346
CAFR0047,CAR648,EA,2006.0,2006-12-12,2006-12-31,2006.0,2013.0,7.0,2012,279456
CAFR0049,CAR101,EA,,,,,,11.0,2014,384954
CAFR0057,CAR696,EA,,,,,,10.0,2011,93160
CAFR0058,CAR686,EA,,,,,,8.0,2011,63135
CAFR0063,CAR749,EA,2007.0,2007-12-20,2007-12-31,2007.0,2015.0,8.0,2013,285687
CAFR0064,CAR777,EA,2011.0,2011-04-14,2011-12-31,2011.0,2015.0,4.0,2014,1330141
CAFR0070,CAR1004,EA,2013.0,2013-05-10,2013-09-01,2013.0,2015.0,1.0,2013,239205
CAFR0073,CAR429,EA,,,,,,7.0,2012,265791
CAFR0080,CAR645,EA,2009.0,2009-01-01,2009-12-31,2009.0,2014.0,4.0,2012,166918
CAFR0087,CAR658,EA,2010.0,2010-04-27,2010-12-31,2010.0,2015.0,2.0,2011,325897
CAFR0088,CAR780,EA,2010.0,2010-08-30,2010-12-31,2010.0,2015.0,4.0,2013,170586
CAFR0100,CAR1015,EA,2013.0,2013-05-08,2013-12-31,2013.0,2016.0,2.0,2014,122277
CAFR0102,CAR697,EA,,,,,,9.0,2013,177984
CAFR0103,CAR582,EA,2007.0,2007-10-09,2007-12-31,2007.0,2015.0,7.0,2013,252512
CAFR0105,CAR655,EA,2006.0,2006-12-15,2006-12-31,2006.0,2016.0,8.0,2013,36596
CAFR0106,CAR681,EA,2008.0,2008-10-08,2008-12-31,2008.0,2016.0,6.0,2013,48852
CAFR0116,CAR672,EA,2007.0,2007-06-22,2007-12-31,2007.0,2016.0,7.0,2013,69051
CAFR0123,CAR730,EA,2007.0,2007-06-13,2007-12-31,2007.0,2016.0,8.0,2014,3918782
