"estimator","task","run_id","pairing","arm","outcome","transform","stratum","ecoregion","tier","n_treated","n_cohorts","est_cost","class","mem_error","truncated","path","message"
"attgt",65,"UP_UNP-agb_almanac-log1p-all-eco80","UP_UNP","pa","agb_almanac","log1p","","80","small",84,1,6888,"error",FALSE,FALSE,"/scratch/alpine/mich9173/CA_carbon/work/did_est/UP_UNP/attgt_UP_UNP-agb_almanac-log1p-all-eco80.csv.gz","No valid groups. The variable in 'gname' should be expressed as the time a unit is first treated (0 if never-treated)."
"attgt",66,"UP_UNP-agb_almanac-none-all-eco80","UP_UNP","pa","agb_almanac","none","","80","small",84,1,6888,"error",FALSE,FALSE,"/scratch/alpine/mich9173/CA_carbon/work/did_est/UP_UNP/attgt_UP_UNP-agb_almanac-none-all-eco80.csv.gz","No valid groups. The variable in 'gname' should be expressed as the time a unit is first treated (0 if never-treated)."
"attgt",67,"UP_UNP-gpp-log1p-all-eco80","UP_UNP","pa","gpp","log1p","","80","small",84,1,6888,"error",FALSE,FALSE,"/scratch/alpine/mich9173/CA_carbon/work/did_est/UP_UNP/attgt_UP_UNP-gpp-log1p-all-eco80.csv.gz","No valid groups. The variable in 'gname' should be expressed as the time a unit is first treated (0 if never-treated)."
"attgt",68,"UP_UNP-gpp-none-all-eco80","UP_UNP","pa","gpp","none","","80","small",84,1,6888,"error",FALSE,FALSE,"/scratch/alpine/mich9173/CA_carbon/work/did_est/UP_UNP/attgt_UP_UNP-gpp-none-all-eco80.csv.gz","No valid groups. The variable in 'gname' should be expressed as the time a unit is first treated (0 if never-treated)."
"attgt",69,"UP_UNP-npp_tree-none-all-eco04","UP_UNP","pa","npp_tree","none","","04","small",9778,3,2170716,"error",FALSE,FALSE,"/scratch/alpine/mich9173/CA_carbon/work/did_est/UP_UNP/attgt_UP_UNP-npp_tree-none-all-eco04.csv.gz","No valid groups. The variable in 'gname' should be expressed as the time a unit is first treated (0 if never-treated)."
"attgt",69,"UP_UNP-npp_tree-none-all-eco80","UP_UNP","pa","npp_tree","none","","80","small",84,1,6216,"error",FALSE,FALSE,"/scratch/alpine/mich9173/CA_carbon/work/did_est/UP_UNP/attgt_UP_UNP-npp_tree-none-all-eco80.csv.gz","No valid groups. The variable in 'gname' should be expressed as the time a unit is first treated (0 if never-treated)."
"attgt",70,"UP_UNP-nep-none-all-eco04","UP_UNP","pa","nep","none","","04","small",9778,3,2170581,"error",FALSE,FALSE,"/scratch/alpine/mich9173/CA_carbon/work/did_est/UP_UNP/attgt_UP_UNP-nep-none-all-eco04.csv.gz","No valid groups. The variable in 'gname' should be expressed as the time a unit is first treated (0 if never-treated)."
"attgt",70,"UP_UNP-nep-none-all-eco80","UP_UNP","pa","nep","none","","80","small",84,1,6216,"error",FALSE,FALSE,"/scratch/alpine/mich9173/CA_carbon/work/did_est/UP_UNP/attgt_UP_UNP-nep-none-all-eco80.csv.gz","No valid groups. The variable in 'gname' should be expressed as the time a unit is first treated (0 if never-treated)."
"attgt",71,"UP_UNP-agb_emapr-log1p-all-eco04","UP_UNP","pa","agb_emapr","log1p","","04","small",9778,3,1642704,"error",FALSE,FALSE,"/scratch/alpine/mich9173/CA_carbon/work/did_est/UP_UNP/attgt_UP_UNP-agb_emapr-log1p-all-eco04.csv.gz","No valid groups. The variable in 'gname' should be expressed as the time a unit is first treated (0 if never-treated)."
"attgt",71,"UP_UNP-agb_emapr-log1p-all-eco80","UP_UNP","pa","agb_emapr","log1p","","80","small",84,1,4704,"error",FALSE,FALSE,"/scratch/alpine/mich9173/CA_carbon/work/did_est/UP_UNP/attgt_UP_UNP-agb_emapr-log1p-all-eco80.csv.gz","No valid groups. The variable in 'gname' should be expressed as the time a unit is first treated (0 if never-treated)."
"attgt",72,"UP_UNP-agb_emapr-none-all-eco04","UP_UNP","pa","agb_emapr","none","","04","small",9778,3,1642704,"error",FALSE,FALSE,"/scratch/alpine/mich9173/CA_carbon/work/did_est/UP_UNP/attgt_UP_UNP-agb_emapr-none-all-eco04.csv.gz","No valid groups. The variable in 'gname' should be expressed as the time a unit is first treated (0 if never-treated)."
"attgt",72,"UP_UNP-agb_emapr-none-all-eco80","UP_UNP","pa","agb_emapr","none","","80","small",84,1,4704,"error",FALSE,FALSE,"/scratch/alpine/mich9173/CA_carbon/work/did_est/UP_UNP/attgt_UP_UNP-agb_emapr-none-all-eco80.csv.gz","No valid groups. The variable in 'gname' should be expressed as the time a unit is first treated (0 if never-treated)."
"attgt",73,"UP_UNP-agb_lemma-log1p-all-eco04","UP_UNP","pa","agb_lemma","log1p","","04","small",9778,3,1486296,"error",FALSE,FALSE,"/scratch/alpine/mich9173/CA_carbon/work/did_est/UP_UNP/attgt_UP_UNP-agb_lemma-log1p-all-eco04.csv.gz","No valid groups. The variable in 'gname' should be expressed as the time a unit is first treated (0 if never-treated)."
"attgt",73,"UP_UNP-agb_lemma-log1p-all-eco80","UP_UNP","pa","agb_lemma","log1p","","80","small",84,1,4256,"error",FALSE,FALSE,"/scratch/alpine/mich9173/CA_carbon/work/did_est/UP_UNP/attgt_UP_UNP-agb_lemma-log1p-all-eco80.csv.gz","No valid groups. The variable in 'gname' should be expressed as the time a unit is first treated (0 if never-treated)."
"attgt",74,"UP_UNP-agb_lemma-none-all-eco04","UP_UNP","pa","agb_lemma","none","","04","small",9778,3,1486296,"error",FALSE,FALSE,"/scratch/alpine/mich9173/CA_carbon/work/did_est/UP_UNP/attgt_UP_UNP-agb_lemma-none-all-eco04.csv.gz","No valid groups. The variable in 'gname' should be expressed as the time a unit is first treated (0 if never-treated)."
"attgt",74,"UP_UNP-agb_lemma-none-all-eco80","UP_UNP","pa","agb_lemma","none","","80","small",84,1,4256,"error",FALSE,FALSE,"/scratch/alpine/mich9173/CA_carbon/work/did_est/UP_UNP/attgt_UP_UNP-agb_lemma-none-all-eco80.csv.gz","No valid groups. The variable in 'gname' should be expressed as the time a unit is first treated (0 if never-treated)."
"etwfe",1217,"FNP_UNP-npp_tree-none-Moderate_severity-eco06","FNP_UNP","fire","npp_tree","none","Moderate severity","06","large",36212,32,85749248,"todo",FALSE,FALSE,"/scratch/alpine/mich9173/CA_carbon/work/did_est/FNP_UNP/etwfe_FNP_UNP-npp_tree-none-Moderate_severity-eco06.csv.gz",""
"etwfe",1220,"FNP_UNP-nep-none-Low_severity-eco06","FNP_UNP","fire","nep","none","Low severity","06","large",40743,34,102206618,"todo",FALSE,FALSE,"/scratch/alpine/mich9173/CA_carbon/work/did_est/FNP_UNP/etwfe_FNP_UNP-nep-none-Low_severity-eco06.csv.gz",""
