"pairing","stratum","ecoregion","n_units","n_treated","n_pairs","n_cohorts","gvar_min","gvar_max","built_at"
"UP_UNP","","",178306,89153,89153,31,1985,2023,"2026-08-15 21:04:52"
"UP_UNP","","01",11222,5611,5611,10,1985,2021,"2026-08-15 21:04:52"
"UP_UNP","","04",19556,9778,9778,3,1985,2023,"2026-08-15 21:04:52"
"UP_UNP","","05",67044,33522,33522,13,1985,2022,"2026-08-15 21:04:52"
"UP_UNP","","06",9332,4666,4666,15,1985,2022,"2026-08-15 21:04:52"
"UP_UNP","","08",12804,6402,6402,5,1985,2023,"2026-08-15 21:04:52"
"UP_UNP","","09",13894,6947,6947,4,1985,2004,"2026-08-15 21:04:52"
"UP_UNP","","13",6956,3478,3478,5,1985,2014,"2026-08-15 21:04:52"
"UP_UNP","","14",420,210,210,2,1985,1994,"2026-08-15 21:04:52"
"UP_UNP","","78",35500,17750,17750,5,1985,2023,"2026-08-15 21:04:52"
"UP_UNP","","80",168,84,84,1,1985,1985,"2026-08-15 21:04:52"
"UP_UNP","","81",20,10,10,2,1985,1999,"2026-08-15 21:04:52"
"UP_UNP","","85",1390,695,695,6,1985,2003,"2026-08-15 21:04:52"
"ONP_UNP","","",60662,30331,30331,7,2012,2019,"2026-08-15 21:04:52"
"ONP_UNP","","01",27630,13815,13815,7,2012,2019,"2026-08-15 21:04:52"
"ONP_UNP","","04",2106,1053,1053,1,2014,2014,"2026-08-15 21:04:52"
"ONP_UNP","","06",570,285,285,2,2015,2016,"2026-08-15 21:04:52"
"ONP_UNP","","78",30356,15178,15178,7,2012,2019,"2026-08-15 21:04:52"
"FP_UP","","",581724,290862,290862,36,1990,2025,"2026-08-15 21:04:52"
"FP_UP","Low severity","",194706,97353,97353,36,1990,2025,"2026-08-15 21:04:52"
"FP_UP","Moderate severity","",193626,96813,96813,35,1990,2024,"2026-08-15 21:04:52"
"FP_UP","High severity","",193392,96696,96696,35,1990,2024,"2026-08-15 21:04:52"
"FP_UP","","01",6302,3151,3151,7,1990,2020,"2026-08-15 21:04:52"
"FP_UP","Low severity","01",2418,1209,1209,7,1990,2020,"2026-08-15 21:04:52"
"FP_UP","Moderate severity","01",1950,975,975,7,1990,2020,"2026-08-15 21:04:52"
"FP_UP","High severity","01",1934,967,967,6,1995,2020,"2026-08-15 21:04:52"
"FP_UP","","04",33482,16741,16741,18,1990,2024,"2026-08-15 21:04:52"
"FP_UP","Low severity","04",11360,5680,5680,16,1990,2024,"2026-08-15 21:04:52"
"FP_UP","Moderate severity","04",11336,5668,5668,16,1990,2024,"2026-08-15 21:04:52"
"FP_UP","High severity","04",10786,5393,5393,12,1992,2024,"2026-08-15 21:04:52"
"FP_UP","","05",201824,100912,100912,35,1990,2024,"2026-08-15 21:04:52"
"FP_UP","Low severity","05",74814,37407,37407,35,1990,2024,"2026-08-15 21:04:52"
"FP_UP","Moderate severity","05",67624,33812,33812,35,1990,2024,"2026-08-15 21:04:52"
"FP_UP","High severity","05",59386,29693,29693,34,1990,2024,"2026-08-15 21:04:52"
"FP_UP","","06",28536,14268,14268,30,1990,2025,"2026-08-15 21:04:52"
"FP_UP","Low severity","06",8838,4419,4419,28,1990,2025,"2026-08-15 21:04:52"
"FP_UP","Moderate severity","06",10634,5317,5317,29,1990,2024,"2026-08-15 21:04:52"
"FP_UP","High severity","06",9064,4532,4532,26,1990,2024,"2026-08-15 21:04:52"
"FP_UP","","08",105072,52536,52536,32,1990,2024,"2026-08-15 21:04:52"
"FP_UP","Low severity","08",24742,12371,12371,31,1990,2024,"2026-08-15 21:04:52"
"FP_UP","Moderate severity","08",35602,17801,17801,31,1990,2024,"2026-08-15 21:04:52"
"FP_UP","High severity","08",44728,22364,22364,31,1990,2024,"2026-08-15 21:04:52"
"FP_UP","","09",12548,6274,6274,24,1990,2022,"2026-08-15 21:04:52"
"FP_UP","Low severity","09",5102,2551,2551,24,1990,2022,"2026-08-15 21:04:52"
"FP_UP","Moderate severity","09",4548,2274,2274,21,1994,2022,"2026-08-15 21:04:52"
"FP_UP","High severity","09",2898,1449,1449,19,1994,2022,"2026-08-15 21:04:52"
"FP_UP","","13",3962,1981,1981,17,1996,2021,"2026-08-15 21:04:52"
"FP_UP","Low severity","13",1780,890,890,14,1996,2021,"2026-08-15 21:04:52"
"FP_UP","Moderate severity","13",1514,757,757,14,2001,2021,"2026-08-15 21:04:52"
"FP_UP","High severity","13",668,334,334,11,1996,2021,"2026-08-15 21:04:52"
"FP_UP","","14",480,240,240,8,2000,2024,"2026-08-15 21:04:52"
"FP_UP","Low severity","14",120,60,60,7,2000,2024,"2026-08-15 21:04:52"
"FP_UP","Moderate severity","14",230,115,115,8,2000,2024,"2026-08-15 21:04:52"
"FP_UP","High severity","14",130,65,65,5,2000,2023,"2026-08-15 21:04:52"
"FP_UP","","78",182780,91390,91390,24,1990,2024,"2026-08-15 21:04:52"
"FP_UP","Low severity","78",64066,32033,32033,23,1990,2024,"2026-08-15 21:04:52"
"FP_UP","Moderate severity","78",57590,28795,28795,24,1990,2024,"2026-08-15 21:04:52"
"FP_UP","High severity","78",61124,30562,30562,22,1992,2024,"2026-08-15 21:04:52"
"FP_UP","","80",388,194,194,3,2012,2020,"2026-08-15 21:04:52"
"FP_UP","Low severity","80",166,83,83,2,2015,2020,"2026-08-15 21:04:52"
"FP_UP","Moderate severity","80",168,84,84,3,2012,2020,"2026-08-15 21:04:52"
"FP_UP","High severity","80",54,27,27,3,2012,2020,"2026-08-15 21:04:52"
"FP_UP","","81",50,25,25,2,2002,2003,"2026-08-15 21:04:52"
"FP_UP","Low severity","81",2,1,1,1,2002,2002,"2026-08-15 21:04:52"
"FP_UP","Moderate severity","81",14,7,7,2,2002,2003,"2026-08-15 21:04:52"
"FP_UP","High severity","81",34,17,17,2,2002,2003,"2026-08-15 21:04:52"
"FP_UP","","85",6300,3150,3150,16,1990,2021,"2026-08-15 21:04:52"
"FP_UP","Low severity","85",1298,649,649,16,1990,2021,"2026-08-15 21:04:52"
"FP_UP","Moderate severity","85",2416,1208,1208,16,1990,2021,"2026-08-15 21:04:52"
"FP_UP","High severity","85",2586,1293,1293,15,1990,2021,"2026-08-15 21:04:52"
"FNP_UNP","","",567932,283966,283966,35,1990,2024,"2026-08-15 21:04:52"
"FNP_UNP","Low severity","",192224,96112,96112,35,1990,2024,"2026-08-15 21:04:52"
"FNP_UNP","Moderate severity","",188932,94466,94466,35,1990,2024,"2026-08-15 21:04:52"
"FNP_UNP","High severity","",186776,93388,93388,34,1990,2024,"2026-08-15 21:04:52"
"FNP_UNP","","01",24208,12104,12104,10,1990,2020,"2026-08-15 21:04:52"
"FNP_UNP","Low severity","01",9822,4911,4911,10,1990,2020,"2026-08-15 21:04:52"
"FNP_UNP","Moderate severity","01",7528,3764,3764,10,1990,2020,"2026-08-15 21:04:52"
"FNP_UNP","High severity","01",6858,3429,3429,8,1990,2020,"2026-08-15 21:04:52"
"FNP_UNP","","04",47702,23851,23851,20,1990,2024,"2026-08-15 21:04:52"
"FNP_UNP","Low severity","04",14728,7364,7364,19,1990,2024,"2026-08-15 21:04:52"
"FNP_UNP","Moderate severity","04",15552,7776,7776,19,1990,2024,"2026-08-15 21:04:52"
"FNP_UNP","High severity","04",17422,8711,8711,14,1990,2024,"2026-08-15 21:04:52"
"FNP_UNP","","05",117070,58535,58535,32,1990,2024,"2026-08-15 21:04:52"
"FNP_UNP","Low severity","05",32888,16444,16444,31,1990,2024,"2026-08-15 21:04:52"
"FNP_UNP","Moderate severity","05",36594,18297,18297,32,1990,2024,"2026-08-15 21:04:52"
"FNP_UNP","High severity","05",47588,23794,23794,30,1990,2024,"2026-08-15 21:04:52"
"FNP_UNP","","06",209370,104685,104685,34,1990,2024,"2026-08-15 21:04:52"
"FNP_UNP","Low severity","06",81486,40743,40743,34,1990,2024,"2026-08-15 21:04:52"
"FNP_UNP","Moderate severity","06",72424,36212,36212,32,1990,2024,"2026-08-15 21:04:52"
"FNP_UNP","High severity","06",55460,27730,27730,31,1990,2024,"2026-08-15 21:04:52"
"FNP_UNP","","08",34992,17496,17496,29,1990,2024,"2026-08-15 21:04:52"
"FNP_UNP","Low severity","08",8984,4492,4492,28,1990,2024,"2026-08-15 21:04:52"
"FNP_UNP","Moderate severity","08",11844,5922,5922,28,1990,2024,"2026-08-15 21:04:52"
"FNP_UNP","High severity","08",14164,7082,7082,24,1990,2024,"2026-08-15 21:04:52"
"FNP_UNP","","09",12016,6008,6008,22,1990,2022,"2026-08-15 21:04:52"
"FNP_UNP","Low severity","09",4180,2090,2090,21,1990,2022,"2026-08-15 21:04:52"
"FNP_UNP","Moderate severity","09",4236,2118,2118,19,1990,2022,"2026-08-15 21:04:52"
"FNP_UNP","High severity","09",3600,1800,1800,16,1994,2022,"2026-08-15 21:04:52"
"FNP_UNP","","13",584,292,292,13,1994,2021,"2026-08-15 21:04:52"
"FNP_UNP","Low severity","13",232,116,116,11,1994,2021,"2026-08-15 21:04:52"
"FNP_UNP","Moderate severity","13",234,117,117,10,1994,2021,"2026-08-15 21:04:52"
"FNP_UNP","High severity","13",118,59,59,7,2002,2021,"2026-08-15 21:04:52"
"FNP_UNP","","14",104,52,52,5,2005,2024,"2026-08-15 21:04:52"
"FNP_UNP","Low severity","14",24,12,12,2,2020,2024,"2026-08-15 21:04:52"
"FNP_UNP","Moderate severity","14",60,30,30,4,2005,2024,"2026-08-15 21:04:52"
"FNP_UNP","High severity","14",20,10,10,4,2005,2024,"2026-08-15 21:04:52"
"FNP_UNP","","78",99442,49721,49721,26,1990,2024,"2026-08-15 21:04:52"
"FNP_UNP","Low severity","78",31634,15817,15817,26,1990,2024,"2026-08-15 21:04:52"
"FNP_UNP","Moderate severity","78",32024,16012,16012,26,1990,2024,"2026-08-15 21:04:52"
"FNP_UNP","High severity","78",35784,17892,17892,22,1990,2024,"2026-08-15 21:04:52"
"FNP_UNP","","80",104,52,52,2,2012,2020,"2026-08-15 21:04:52"
"FNP_UNP","Low severity","80",48,24,24,1,2020,2020,"2026-08-15 21:04:52"
"FNP_UNP","Moderate severity","80",54,27,27,2,2012,2020,"2026-08-15 21:04:52"
"FNP_UNP","High severity","80",2,1,1,1,2020,2020,"2026-08-15 21:04:52"
"FNP_UNP","","81",26,13,13,1,2002,2002,"2026-08-15 21:04:52"
"FNP_UNP","Low severity","81",2,1,1,1,2002,2002,"2026-08-15 21:04:52"
"FNP_UNP","Moderate severity","81",4,2,2,1,2002,2002,"2026-08-15 21:04:52"
"FNP_UNP","High severity","81",20,10,10,1,2002,2002,"2026-08-15 21:04:52"
"FNP_UNP","","85",22314,11157,11157,25,1990,2022,"2026-08-15 21:04:52"
"FNP_UNP","Low severity","85",8196,4098,4098,25,1990,2022,"2026-08-15 21:04:52"
"FNP_UNP","Moderate severity","85",8378,4189,4189,23,1990,2022,"2026-08-15 21:04:52"
"FNP_UNP","High severity","85",5740,2870,2870,24,1990,2022,"2026-08-15 21:04:52"
"TP_UP","","",57238,28619,28619,36,1990,2025,"2026-08-15 21:04:52"
"TP_UP","Low intensity","",3568,1784,1784,36,1990,2025,"2026-08-15 21:04:52"
"TP_UP","Medium intensity","",40812,20406,20406,36,1990,2025,"2026-08-15 21:04:52"
"TP_UP","High intensity","",12858,6429,6429,36,1990,2025,"2026-08-15 21:04:52"
"TP_UP","","01",1918,959,959,21,1998,2023,"2026-08-15 21:04:52"
"TP_UP","Medium intensity","01",1432,716,716,15,1998,2023,"2026-08-15 21:04:52"
"TP_UP","High intensity","01",486,243,243,15,1998,2023,"2026-08-15 21:04:52"
"TP_UP","","04",25778,12889,12889,36,1990,2025,"2026-08-15 21:04:52"
"TP_UP","Low intensity","04",786,393,393,19,1990,2024,"2026-08-15 21:04:52"
"TP_UP","Medium intensity","04",20508,10254,10254,36,1990,2025,"2026-08-15 21:04:52"
"TP_UP","High intensity","04",4484,2242,2242,34,1990,2025,"2026-08-15 21:04:52"
"TP_UP","","05",18600,9300,9300,36,1990,2025,"2026-08-15 21:04:52"
"TP_UP","Low intensity","05",586,293,293,28,1990,2024,"2026-08-15 21:04:52"
"TP_UP","Medium intensity","05",14064,7032,7032,35,1990,2025,"2026-08-15 21:04:52"
"TP_UP","High intensity","05",3950,1975,1975,33,1990,2025,"2026-08-15 21:04:52"
"TP_UP","","06",10,5,5,3,2005,2025,"2026-08-15 21:04:52"
"TP_UP","Low intensity","06",6,3,3,2,2023,2025,"2026-08-15 21:04:52"
"TP_UP","Medium intensity","06",2,1,1,1,2005,2005,"2026-08-15 21:04:52"
"TP_UP","High intensity","06",2,1,1,1,2005,2005,"2026-08-15 21:04:52"
"TP_UP","","08",756,378,378,19,2004,2025,"2026-08-15 21:04:52"
"TP_UP","Low intensity","08",660,330,330,19,2004,2025,"2026-08-15 21:04:52"
"TP_UP","Medium intensity","08",96,48,48,8,2005,2024,"2026-08-15 21:04:52"
"TP_UP","","09",4678,2339,2339,33,1990,2025,"2026-08-15 21:04:52"
"TP_UP","Low intensity","09",1038,519,519,10,1990,2011,"2026-08-15 21:04:52"
"TP_UP","Medium intensity","09",2646,1323,1323,29,1994,2025,"2026-08-15 21:04:52"
"TP_UP","High intensity","09",994,497,497,15,1990,2020,"2026-08-15 21:04:52"
"TP_UP","","13",8,4,4,2,1996,2004,"2026-08-15 21:04:52"
"TP_UP","Medium intensity","13",8,4,4,2,1996,2004,"2026-08-15 21:04:52"
"TP_UP","","78",5486,2743,2743,36,1990,2025,"2026-08-15 21:04:52"
"TP_UP","Low intensity","78",488,244,244,20,1990,2025,"2026-08-15 21:04:52"
"TP_UP","Medium intensity","78",2056,1028,1028,36,1990,2025,"2026-08-15 21:04:52"
"TP_UP","High intensity","78",2942,1471,1471,34,1990,2025,"2026-08-15 21:04:52"
"TP_UP","","85",4,2,2,1,2024,2024,"2026-08-15 21:04:52"
"TP_UP","Low intensity","85",4,2,2,1,2024,2024,"2026-08-15 21:04:52"
"TNP_UNP","","",120690,60345,60345,36,1990,2025,"2026-08-15 21:04:52"
"TNP_UNP","Low intensity","",438,219,219,26,1990,2024,"2026-08-15 21:04:52"
"TNP_UNP","Medium intensity","",47594,23797,23797,35,1991,2025,"2026-08-15 21:04:52"
"TNP_UNP","High intensity","",72658,36329,36329,36,1990,2025,"2026-08-15 21:04:52"
"TNP_UNP","","01",51264,25632,25632,29,1997,2025,"2026-08-15 21:04:52"
"TNP_UNP","Low intensity","01",40,20,20,9,1999,2021,"2026-08-15 21:04:52"
"TNP_UNP","Medium intensity","01",18748,9374,9374,29,1997,2025,"2026-08-15 21:04:52"
"TNP_UNP","High intensity","01",32476,16238,16238,29,1997,2025,"2026-08-15 21:04:52"
"TNP_UNP","","04",24354,12177,12177,36,1990,2025,"2026-08-15 21:04:52"
"TNP_UNP","Low intensity","04",32,16,16,4,2005,2016,"2026-08-15 21:04:52"
"TNP_UNP","Medium intensity","04",9556,4778,4778,29,1997,2025,"2026-08-15 21:04:52"
"TNP_UNP","High intensity","04",14766,7383,7383,35,1990,2025,"2026-08-15 21:04:52"
"TNP_UNP","","05",20026,10013,10013,36,1990,2025,"2026-08-15 21:04:52"
"TNP_UNP","Low intensity","05",224,112,112,10,1991,2019,"2026-08-15 21:04:52"
"TNP_UNP","Medium intensity","05",10952,5476,5476,35,1991,2025,"2026-08-15 21:04:52"
"TNP_UNP","High intensity","05",8850,4425,4425,32,1990,2025,"2026-08-15 21:04:52"
"TNP_UNP","","06",422,211,211,19,1998,2025,"2026-08-15 21:04:52"
"TNP_UNP","Medium intensity","06",230,115,115,17,1998,2025,"2026-08-15 21:04:52"
"TNP_UNP","High intensity","06",192,96,96,13,1999,2024,"2026-08-15 21:04:52"
"TNP_UNP","","08",36,18,18,8,2004,2024,"2026-08-15 21:04:52"
"TNP_UNP","Low intensity","08",34,17,17,7,2004,2024,"2026-08-15 21:04:52"
"TNP_UNP","Medium intensity","08",2,1,1,1,2006,2006,"2026-08-15 21:04:52"
"TNP_UNP","","09",3232,1616,1616,26,1990,2020,"2026-08-15 21:04:52"
"TNP_UNP","Low intensity","09",6,3,3,2,1990,2006,"2026-08-15 21:04:52"
"TNP_UNP","Medium intensity","09",1522,761,761,18,1998,2019,"2026-08-15 21:04:52"
"TNP_UNP","High intensity","09",1704,852,852,24,1994,2020,"2026-08-15 21:04:52"
"TNP_UNP","","13",18,9,9,5,2000,2016,"2026-08-15 21:04:52"
"TNP_UNP","Medium intensity","13",10,5,5,4,2007,2016,"2026-08-15 21:04:52"
"TNP_UNP","High intensity","13",8,4,4,1,2000,2000,"2026-08-15 21:04:52"
"TNP_UNP","","78",21338,10669,10669,35,1990,2025,"2026-08-15 21:04:52"
"TNP_UNP","Low intensity","78",102,51,51,12,1991,2022,"2026-08-15 21:04:52"
"TNP_UNP","Medium intensity","78",6574,3287,3287,31,1995,2025,"2026-08-15 21:04:52"
"TNP_UNP","High intensity","78",14662,7331,7331,33,1990,2025,"2026-08-15 21:04:52"
