table,source_dataset,activity,activity_key,intensity,method,record_class,override_reason
S4,FACTS timber harvest and hazardous fuel treatments,Acres Improved - Construction/Reconstruction of Range Structural Improv Area,ACRES IMPROVED CONSTRUCTION RECONSTRUCTION OF RANGE STRUCTURAL IMPROV AREA,Low,other,disturbance_only,
S4,FACTS timber harvest and hazardous fuel treatments,Acres Improved Through Removal of Range Structural Improvements - AREA,ACRES IMPROVED THROUGH REMOVAL OF RANGE STRUCTURAL IMPROVEMENTS AREA,Low,other,disturbance_only,
S4,FACTS timber harvest and hazardous fuel treatments,Animal Damage Survey,ANIMAL DAMAGE SURVEY,N/A,admin,non_disturbing,
S4,FACTS timber harvest and hazardous fuel treatments,Broadcast Burning - Covers a majority of the unit,BROADCAST BURNING COVERS A MAJORITY OF THE UNIT,Medium,fire,disturbance_only,
S4,FACTS timber harvest and hazardous fuel treatments,Burning of Piled Material,BURNING OF PILED MATERIAL,VariableML,fire,disturbance_only,
S4,FACTS timber harvest and hazardous fuel treatments,Certification of Natural Regeneration without Site Prep,CERTIFICATION OF NATURAL REGENERATION WITHOUT SITE PREP,N/A,admin,non_disturbing,
S4,FACTS timber harvest and hazardous fuel treatments,Chipping of Fuels,CHIPPING OF FUELS,Low,mechanical,disturbance_only,"processes existing material, removes no basal area"
S4,FACTS timber harvest and hazardous fuel treatments,Commercial Thin,COMMERCIAL THIN,Medium,mechanical,treatment_LMH,
S4,FACTS timber harvest and hazardous fuel treatments,Compacting/Crushing of Fuels,COMPACTING CRUSHING OF FUELS,VariableML,mechanical,disturbance_only,
S4,FACTS timber harvest and hazardous fuel treatments,Control of Understory Vegetation,CONTROL OF UNDERSTORY VEGETATION,VariableML,mechanical,disturbance_only,
S4,FACTS timber harvest and hazardous fuel treatments,Coppice Cut (w/leave trees) (EA/RH/FH),COPPICE CUT W LEAVE TREES EA RH FH,High,mechanical,treatment_LMH,
S4,FACTS timber harvest and hazardous fuel treatments,Cover brush pile for burning,COVER BRUSH PILE FOR BURNING,N/A,fire,non_disturbing,
S4,FACTS timber harvest and hazardous fuel treatments,Cruising,CRUISING,N/A,admin,non_disturbing,
S4,FACTS timber harvest and hazardous fuel treatments,Cultural Resource Monitoring,CULTURAL RESOURCE MONITORING,N/A,admin,non_disturbing,
S4,FACTS timber harvest and hazardous fuel treatments,Disease Control,DISEASE CONTROL,N/A,other,non_disturbing,
S4,FACTS timber harvest and hazardous fuel treatments,Fill-in or Replant Trees,FILL IN OR REPLANT TREES,Low,planting,disturbance_only,
S4,FACTS timber harvest and hazardous fuel treatments,Fill-in Seed or Reseed Trees,FILL IN SEED OR RESEED TREES,Low,planting,disturbance_only,
S4,FACTS timber harvest and hazardous fuel treatments,Fire Protection Inventory,FIRE PROTECTION INVENTORY,N/A,admin,non_disturbing,
S4,FACTS timber harvest and hazardous fuel treatments,Fuel Break,FUEL BREAK,VariableML,mechanical,disturbance_only,
S4,FACTS timber harvest and hazardous fuel treatments,Fuel Inventory,FUEL INVENTORY,N/A,admin,non_disturbing,
S4,FACTS timber harvest and hazardous fuel treatments,Fertilization,FERTILIZATION,Low,planting,disturbance_only,
S4,FACTS timber harvest and hazardous fuel treatments,Grazing and Range Mgt. for Hazardous Fuels Reduction,GRAZING AND RANGE MGT FOR HAZARDOUS FUELS REDUCTION,Low,other,disturbance_only,
S4,FACTS timber harvest and hazardous fuel treatments,Group Selection Cut (UA/RH/FH),GROUP SELECTION CUT UA RH FH,VariableHML,mechanical,disturbance_only,
S4,FACTS timber harvest and hazardous fuel treatments,Harvest Without Restocking,HARVEST WITHOUT RESTOCKING,High,mechanical,treatment_LMH,
S4,FACTS timber harvest and hazardous fuel treatments,Improvement Cut,IMPROVEMENT CUT,Medium,mechanical,treatment_LMH,
S4,FACTS timber harvest and hazardous fuel treatments,Inland Fish habitat inventory,INLAND FISH HABITAT INVENTORY,N/A,admin,non_disturbing,
S4,FACTS timber harvest and hazardous fuel treatments,Inland fish habitat monitoring,INLAND FISH HABITAT MONITORING,N/A,admin,non_disturbing,
S4,FACTS timber harvest and hazardous fuel treatments,Inland Fisheries Habitat Improvement Activities,INLAND FISHERIES HABITAT IMPROVEMENT ACTIVITIES,N/A,other,non_disturbing,
S4,FACTS timber harvest and hazardous fuel treatments,Invasives - Cultural /Fire,INVASIVES CULTURAL FIRE,VariableML,mechanical,disturbance_only,
S4,FACTS timber harvest and hazardous fuel treatments,Invasives - Mechanical /Physical,INVASIVES MECHANICAL PHYSICAL,VariableML,mechanical,disturbance_only,
S4,FACTS timber harvest and hazardous fuel treatments,Invasives - Pesticide Application,INVASIVES PESTICIDE APPLICATION,VariableML,chemical,disturbance_only,
S4,FACTS timber harvest and hazardous fuel treatments,Jackpot Burning - Scattered concentrations,JACKPOT BURNING SCATTERED CONCENTRATIONS,VariableML,fire,disturbance_only,
S4,FACTS timber harvest and hazardous fuel treatments,Layout and Design,LAYOUT AND DESIGN,N/A,admin,non_disturbing,
S4,FACTS timber harvest and hazardous fuel treatments,Leave Trees (Wildlife Reasons) - Area,LEAVE TREES WILDLIFE REASONS AREA,N/A,admin,non_disturbing,
S4,FACTS timber harvest and hazardous fuel treatments,Management & Control of Recreation to Protect Resources,MANAGEMENT CONTROL OF RECREATION TO PROTECT RESOURCES,N/A,admin,non_disturbing,
S4,FACTS timber harvest and hazardous fuel treatments,Marking/Designation,MARKING DESIGNATION,N/A,admin,non_disturbing,
S4,FACTS timber harvest and hazardous fuel treatments,Natural Changes (excludes fire),NATURAL CHANGES EXCLUDES FIRE,VariableHM,other,disturbance_only,
S4,FACTS timber harvest and hazardous fuel treatments,Nonrange Fences - Area,NONRANGE FENCES AREA,N/A,other,non_disturbing,
S4,FACTS timber harvest and hazardous fuel treatments,Overstory Removal Cut (from advanced regeneration) (EA/RH/FH),OVERSTORY REMOVAL CUT FROM ADVANCED REGENERATION EA RH FH,High,mechanical,treatment_LMH,
S4,FACTS timber harvest and hazardous fuel treatments,Patch Clearcut (EA/RH/FH),PATCH CLEARCUT EA RH FH,High,mechanical,treatment_LMH,
S4,FACTS timber harvest and hazardous fuel treatments,Patch Clearcut (w/ leave trees) (EA/RH/FH),PATCH CLEARCUT W LEAVE TREES EA RH FH,High,mechanical,treatment_LMH,
S4,FACTS timber harvest and hazardous fuel treatments,Permanent Land Clearing,PERMANENT LAND CLEARING,High,mechanical,disturbance_only,"land-use change, not forest management, no recovery trajectory"
S4,FACTS timber harvest and hazardous fuel treatments,"Piling of Fuels, Hand or Machine",PILING OF FUELS HAND OR MACHINE,VariableML,mechanical,disturbance_only,
S4,FACTS timber harvest and hazardous fuel treatments,Planned Treatment Burned in Wildfire,PLANNED TREATMENT BURNED IN WILDFIRE,VariableHML,wildfire,wildfire,
S4,FACTS timber harvest and hazardous fuel treatments,Plant Trees,PLANT TREES,Low,planting,disturbance_only,
S4,FACTS timber harvest and hazardous fuel treatments,Post Treatment Vegetation Monitoring,POST TREATMENT VEGETATION MONITORING,N/A,admin,non_disturbing,
S4,FACTS timber harvest and hazardous fuel treatments,Precommercial Thin,PRECOMMERCIAL THIN,Medium,mechanical,treatment_LMH,
S4,FACTS timber harvest and hazardous fuel treatments,Prune,PRUNE,Low,mechanical,treatment_LMH,
S4,FACTS timber harvest and hazardous fuel treatments,Pruning to Raise Canopy Height and Discourage Crown Fire,PRUNING TO RAISE CANOPY HEIGHT AND DISCOURAGE CROWN FIRE,Low,mechanical,treatment_LMH,
S4,FACTS timber harvest and hazardous fuel treatments,Range Control Vegetation,RANGE CONTROL VEGETATION,N/A,other,non_disturbing,
S4,FACTS timber harvest and hazardous fuel treatments,Range Cover Manipulation,RANGE COVER MANIPULATION,N/A,other,non_disturbing,
S4,FACTS timber harvest and hazardous fuel treatments,Range Cover Type Conversion,RANGE COVER TYPE CONVERSION,N/A,mechanical,non_disturbing,
S4,FACTS timber harvest and hazardous fuel treatments,Range Forage Improvement,RANGE FORAGE IMPROVEMENT,N/A,other,non_disturbing,
S4,FACTS timber harvest and hazardous fuel treatments,Range Grazing Systems,RANGE GRAZING SYSTEMS,N/A,other,non_disturbing,
S4,FACTS timber harvest and hazardous fuel treatments,Range NEPA/AMP Implementation,RANGE NEPA AMP IMPLEMENTATION,N/A,admin,non_disturbing,
S4,FACTS timber harvest and hazardous fuel treatments,Range Piling Slash,RANGE PILING SLASH,N/A,mechanical,non_disturbing,
S4,FACTS timber harvest and hazardous fuel treatments,Re-vegetation treatments - herbicides,RE VEGETATION TREATMENTS HERBICIDES,Low,chemical,disturbance_only,
S4,FACTS timber harvest and hazardous fuel treatments,Rearrangement of Fuels,REARRANGEMENT OF FUELS,Medium,mechanical,disturbance_only,"redistributes fuels, removes no basal area"
S4,FACTS timber harvest and hazardous fuel treatments,Recreation Removal of hazard trees and snags - Area,RECREATION REMOVAL OF HAZARD TREES AND SNAGS AREA,Low,mechanical,treatment_LMH,
S4,FACTS timber harvest and hazardous fuel treatments,Right of Way Maintenance,RIGHT OF WAY MAINTENANCE,VariableHML,mechanical,disturbance_only,
S4,FACTS timber harvest and hazardous fuel treatments,Road Maintenance - Vegetation Reduction,ROAD MAINTENANCE VEGETATION REDUCTION,VariableML,mechanical,disturbance_only,
S4,FACTS timber harvest and hazardous fuel treatments,"Salvage Cut (intermediate treatment, not regeneration)",SALVAGE CUT INTERMEDIATE TREATMENT NOT REGENERATION,VariableHML,mechanical,disturbance_only,
S4,FACTS timber harvest and hazardous fuel treatments,Sanitation Cut,SANITATION CUT,VariableML,mechanical,disturbance_only,
S4,FACTS timber harvest and hazardous fuel treatments,Seed (Trees),SEED TREES,Low,planting,disturbance_only,
S4,FACTS timber harvest and hazardous fuel treatments,Seed-tree Final Cut (EA/NRH/FH),SEED TREE FINAL CUT EA NRH FH,Medium,mechanical,treatment_LMH,
S4,FACTS timber harvest and hazardous fuel treatments,"Seeding grasses, forbs and/or shrubs",SEEDING GRASSES FORBS AND OR SHRUBS,Low,planting,disturbance_only,
S4,FACTS timber harvest and hazardous fuel treatments,Sensitive Species Species survey,SENSITIVE SPECIES SPECIES SURVEY,N/A,admin,non_disturbing,
S4,FACTS timber harvest and hazardous fuel treatments,Shelterwood Establishment Cut (with or without leave trees) (EA/RH/NFH),SHELTERWOOD ESTABLISHMENT CUT WITH OR WITHOUT LEAVE TREES EA RH NFH,High,mechanical,treatment_LMH,
S4,FACTS timber harvest and hazardous fuel treatments,Shelterwood Removal Cut (EA/NRH/FH),SHELTERWOOD REMOVAL CUT EA NRH FH,High,mechanical,treatment_LMH,
S4,FACTS timber harvest and hazardous fuel treatments,Silvicultural Stand Examination,SILVICULTURAL STAND EXAMINATION,N/A,admin,non_disturbing,
S4,FACTS timber harvest and hazardous fuel treatments,Single-tree Selection Cut (UA/RH/FH),SINGLE TREE SELECTION CUT UA RH FH,Low,mechanical,treatment_LMH,
S4,FACTS timber harvest and hazardous fuel treatments,Site Preparation for Natural Regeneration - Burning,SITE PREPARATION FOR NATURAL REGENERATION BURNING,VariableHM,fire,disturbance_only,
S4,FACTS timber harvest and hazardous fuel treatments,Site Preparation for Natural Regeneration - Chemical,SITE PREPARATION FOR NATURAL REGENERATION CHEMICAL,VariableHM,chemical,disturbance_only,
S4,FACTS timber harvest and hazardous fuel treatments,Site Preparation for Natural Regeneration - Manual,SITE PREPARATION FOR NATURAL REGENERATION MANUAL,Low,mechanical,treatment_LMH,
S4,FACTS timber harvest and hazardous fuel treatments,Site Preparation for Natural Regeneration - Mechanical,SITE PREPARATION FOR NATURAL REGENERATION MECHANICAL,VariableHM,mechanical,disturbance_only,
S4,FACTS timber harvest and hazardous fuel treatments,Site Preparation for Planting - Burning,SITE PREPARATION FOR PLANTING BURNING,VariableHM,fire,disturbance_only,
S4,FACTS timber harvest and hazardous fuel treatments,Site Preparation for Planting - Chemical,SITE PREPARATION FOR PLANTING CHEMICAL,VariableHM,chemical,disturbance_only,
S4,FACTS timber harvest and hazardous fuel treatments,Site Preparation for Planting - Manual,SITE PREPARATION FOR PLANTING MANUAL,Low,mechanical,treatment_LMH,
S4,FACTS timber harvest and hazardous fuel treatments,Site Preparation for Planting - Mechanical,SITE PREPARATION FOR PLANTING MECHANICAL,VariableHM,mechanical,disturbance_only,
S4,FACTS timber harvest and hazardous fuel treatments,Site Preparation for Planting - Other,SITE PREPARATION FOR PLANTING OTHER,Unknown,mechanical,disturbance_only,
S4,FACTS timber harvest and hazardous fuel treatments,Slashing - Pre-Site Preparation,SLASHING PRE SITE PREPARATION,VariableHM,mechanical,disturbance_only,
S4,FACTS timber harvest and hazardous fuel treatments,Soil Productivity Improvement,SOIL PRODUCTIVITY IMPROVEMENT,N/A,other,non_disturbing,
S4,FACTS timber harvest and hazardous fuel treatments,Special Products Removal,SPECIAL PRODUCTS REMOVAL,Low,mechanical,treatment_LMH,
S4,FACTS timber harvest and hazardous fuel treatments,Stand Clearcut (EA/RH/FH),STAND CLEARCUT EA RH FH,High,mechanical,treatment_LMH,
S4,FACTS timber harvest and hazardous fuel treatments,Stand Clearcut (w/ leave trees) (EA/RH/FH),STAND CLEARCUT W LEAVE TREES EA RH FH,High,mechanical,treatment_LMH,
S4,FACTS timber harvest and hazardous fuel treatments,Stocking Survey,STOCKING SURVEY,N/A,admin,non_disturbing,
S4,FACTS timber harvest and hazardous fuel treatments,Thinning for Hazardous Fuels Reduction,THINNING FOR HAZARDOUS FUELS REDUCTION,VariableHML,mechanical,disturbance_only,
S4,FACTS timber harvest and hazardous fuel treatments,Tree Encroachment Control,TREE ENCROACHMENT CONTROL,Low,mechanical,treatment_LMH,
S4,FACTS timber harvest and hazardous fuel treatments,Tree Release and Weed,TREE RELEASE AND WEED,VariableML,mechanical,disturbance_only,
S4,FACTS timber harvest and hazardous fuel treatments,TSI Need Created- Precommercial Thin,TSI NEED CREATED PRECOMMERCIAL THIN,N/A,admin,non_disturbing,
S4,FACTS timber harvest and hazardous fuel treatments,Two-aged Patch Clearcut (w/res) (2A/RH/FH),TWO AGED PATCH CLEARCUT W RES 2A RH FH,High,mechanical,treatment_LMH,
S4,FACTS timber harvest and hazardous fuel treatments,Two-aged Shelterwood Establishment Cut (w/res) (2A/RH/NFH),TWO AGED SHELTERWOOD ESTABLISHMENT CUT W RES 2A RH NFH,High,mechanical,treatment_LMH,
S4,FACTS timber harvest and hazardous fuel treatments,Underburn - Low Intensity (Majority of Unit),UNDERBURN LOW INTENSITY MAJORITY OF UNIT,VariableHML,fire,disturbance_only,
S4,FACTS timber harvest and hazardous fuel treatments,Watershed Resource Activities,WATERSHED RESOURCE ACTIVITIES,N/A,other,non_disturbing,
S4,FACTS timber harvest and hazardous fuel treatments,Watershed Analysis,WATERSHED ANALYSIS,N/A,admin,non_disturbing,
S4,FACTS timber harvest and hazardous fuel treatments,Watershed Resource Non-Structural Improvements Erosion Cont,WATERSHED RESOURCE NON STRUCTURAL IMPROVEMENTS EROSION CONT,N/A,other,non_disturbing,
S4,FACTS timber harvest and hazardous fuel treatments,Watershed Resource Non-Structural Improvements Maintanence,WATERSHED RESOURCE NON STRUCTURAL IMPROVEMENTS MAINTANENCE,N/A,other,non_disturbing,
S4,FACTS timber harvest and hazardous fuel treatments,Watershed Resource Non-Structural Improvements Riparian,WATERSHED RESOURCE NON STRUCTURAL IMPROVEMENTS RIPARIAN,Low,other,disturbance_only,
S4,FACTS timber harvest and hazardous fuel treatments,Watershed Resource Road Closure - Area,WATERSHED RESOURCE ROAD CLOSURE AREA,N/A,other,non_disturbing,
S4,FACTS timber harvest and hazardous fuel treatments,Wild Horse and Burro Activities,WILD HORSE AND BURRO ACTIVITIES,N/A,other,non_disturbing,
S4,FACTS timber harvest and hazardous fuel treatments,Wildfire - Fuels Benefit,WILDFIRE FUELS BENEFIT,VariableHML,wildfire,wildfire,
S4,FACTS timber harvest and hazardous fuel treatments,Wildfire - Human Ignition,WILDFIRE HUMAN IGNITION,VariableHML,wildfire,wildfire,
S4,FACTS timber harvest and hazardous fuel treatments,Wildfire - Natural Ignition,WILDFIRE NATURAL IGNITION,VariableHML,wildfire,wildfire,
S4,FACTS timber harvest and hazardous fuel treatments,Wildland Fire Use,WILDLAND FIRE USE,VariableHML,wildfire,wildfire,
S4,FACTS timber harvest and hazardous fuel treatments,Wildlife Habitat Create openings,WILDLIFE HABITAT CREATE OPENINGS,VariableHM,other,disturbance_only,
S4,FACTS timber harvest and hazardous fuel treatments,Wildlife Habitat Improvement,WILDLIFE HABITAT IMPROVEMENT,VariableML,other,disturbance_only,
S4,FACTS timber harvest and hazardous fuel treatments,Wildlife Habitat Intermediate cut,WILDLIFE HABITAT INTERMEDIATE CUT,VariableML,mechanical,disturbance_only,
S4,FACTS timber harvest and hazardous fuel treatments,Wildlife habitat inventory,WILDLIFE HABITAT INVENTORY,N/A,admin,non_disturbing,
S4,FACTS timber harvest and hazardous fuel treatments,Wildlife Habitat Mechanical treatment,WILDLIFE HABITAT MECHANICAL TREATMENT,VariableML,mechanical,disturbance_only,
S4,FACTS timber harvest and hazardous fuel treatments,Wildlife Habitat Non-Structural Improvement,WILDLIFE HABITAT NON STRUCTURAL IMPROVEMENT,VariableML,other,disturbance_only,
S4,FACTS timber harvest and hazardous fuel treatments,Wildlife Habitat Precommercial thinning,WILDLIFE HABITAT PRECOMMERCIAL THINNING,VariableML,mechanical,disturbance_only,
S4,FACTS timber harvest and hazardous fuel treatments,Wildlife Habitat Prescribed fire,WILDLIFE HABITAT PRESCRIBED FIRE,VariableHML,fire,disturbance_only,
S4,FACTS timber harvest and hazardous fuel treatments,Wildlife Habitat Rehabilitate openings,WILDLIFE HABITAT REHABILITATE OPENINGS,VariableML,other,disturbance_only,
S4,FACTS timber harvest and hazardous fuel treatments,Wildlife Habitat Regeneration cut,WILDLIFE HABITAT REGENERATION CUT,VariableHM,mechanical,disturbance_only,
S4,FACTS timber harvest and hazardous fuel treatments,Wildlife Habitat Slash treatment,WILDLIFE HABITAT SLASH TREATMENT,VariableHM,other,disturbance_only,
S4,FACTS timber harvest and hazardous fuel treatments,Yarding - Removal of Fuels by Carrying or Dragging,YARDING REMOVAL OF FUELS BY CARRYING OR DRAGGING,Low,mechanical,treatment_LMH,
S5,CAL FIRE timber harvest plans and NTMPs,Alternative Prescription,ALTERNATIVE PRESCRIPTION,VariableHM,mechanical,disturbance_only,
S5,CAL FIRE timber harvest plans and NTMPs,Aspen/Meadow/Wet Area Restoration,ASPEN MEADOW WET AREA RESTORATION,High,mechanical,treatment_LMH,
S5,CAL FIRE timber harvest plans and NTMPs,Clear cut,CLEAR CUT,High,mechanical,treatment_LMH,
S5,CAL FIRE timber harvest plans and NTMPs,Commercial Thin,COMMERCIAL THIN,Medium,mechanical,treatment_LMH,
S5,CAL FIRE timber harvest plans and NTMPs,Conversion,CONVERSION,High,mechanical,disturbance_only,"land-use change, not forest management, no recovery trajectory"
S5,CAL FIRE timber harvest plans and NTMPs,Fuel break/Defensible Space,FUEL BREAK DEFENSIBLE SPACE,VariableML,mechanical,disturbance_only,
S5,CAL FIRE timber harvest plans and NTMPs,Group Selection,GROUP SELECTION,Medium,mechanical,treatment_LMH,
S5,CAL FIRE timber harvest plans and NTMPs,No Harvest Area,NO HARVEST AREA,Low,mechanical,disturbance_only,"designated no-harvest area within a THP, no removal occurred"
S5,CAL FIRE timber harvest plans and NTMPs,Non-Standard Practice,NON STANDARD PRACTICE,Unknown,mechanical,disturbance_only,
S5,CAL FIRE timber harvest plans and NTMPs,Oak Woodland Management,OAK WOODLAND MANAGEMENT,VariableML,mechanical,disturbance_only,
S5,CAL FIRE timber harvest plans and NTMPs,Rehabilitation of Understocked,REHABILITATION OF UNDERSTOCKED,High,mechanical,treatment_LMH,
S5,CAL FIRE timber harvest plans and NTMPs,Road Right-of-Way,ROAD RIGHT OF WAY,VariableHML,mechanical,disturbance_only,
S5,CAL FIRE timber harvest plans and NTMPs,Sanitation Salvage,SANITATION SALVAGE,VariableML,mechanical,disturbance_only,
S5,CAL FIRE timber harvest plans and NTMPs,Seed Tree Rem/Commercial Thin,SEED TREE REM COMMERCIAL THIN,Medium,mechanical,treatment_LMH,
S5,CAL FIRE timber harvest plans and NTMPs,Seed Tree Removal Step,SEED TREE REMOVAL STEP,High,mechanical,treatment_LMH,
S5,CAL FIRE timber harvest plans and NTMPs,Seed Tree Seed Step,SEED TREE SEED STEP,High,mechanical,treatment_LMH,
S5,CAL FIRE timber harvest plans and NTMPs,Selection,SELECTION,Medium,mechanical,treatment_LMH,
S5,CAL FIRE timber harvest plans and NTMPs,Shelterwood Prep Step,SHELTERWOOD PREP STEP,Low,mechanical,treatment_LMH,
S5,CAL FIRE timber harvest plans and NTMPs,Shelterwood Rem/Commercial Thin,SHELTERWOOD REM COMMERCIAL THIN,Medium,mechanical,treatment_LMH,
S5,CAL FIRE timber harvest plans and NTMPs,Shelterwood Removal Step,SHELTERWOOD REMOVAL STEP,High,mechanical,treatment_LMH,
S5,CAL FIRE timber harvest plans and NTMPs,Shelterwood Seed Step,SHELTERWOOD SEED STEP,High,mechanical,treatment_LMH,
S5,CAL FIRE timber harvest plans and NTMPs,Special Treatment Area,SPECIAL TREATMENT AREA,Medium,mechanical,treatment_LMH,
S5,CAL FIRE timber harvest plans and NTMPs,Substantially Damaged Timberland,SUBSTANTIALLY DAMAGED TIMBERLAND,Variable,mechanical,disturbance_only,
S5,CAL FIRE timber harvest plans and NTMPs,Transition,TRANSITION,Medium,mechanical,treatment_LMH,
S5,CAL FIRE timber harvest plans and NTMPs,Variable Retention,VARIABLE RETENTION,High,mechanical,treatment_LMH,
