"pairing","arm","config","n_matched_pairs","n_levels_ok","n_levels_failed","n_treat_ok","n_treat_failed","fail_reasons","n_levels_total","n_treat_matchable","n_levels_singleton","n_levels_present","n_levels_absent","run_complete","pct_treat_failed","coverage_note","match_rate","n_treat_unmatched","n_cov","max_abs_smd","mean_abs_smd","n_smd_over","vr_min","vr_max","n_vr_outside","ecdf_mean_wavg","ecdf_max_wavg","ecdf_max_worst","passes_balance","ceiling_rate","ceiling_from","retention_ratio","meets_floor","eligible","rank","suggested","note","alt_config","alt_retention","alt_mean_smd","alt_max_smd","retention_cost","balance_gain","trade_flag","any_eligible"
"FNP_UNP","augmented","elastic_cal025",283966,35,1,299736,1,"Error in lognet(x, is.sparse, y, weights, offset, alpha, nobs, nvars,  : 
  one multinomial or binomial class has 1 or 0 observations; not allowed",36,299737,1,36,0,TRUE,0.00033362581196182,"complete, 1 levels failed carrying 0.00% of treated units",0.947383873195501,15771,11,0.0662760357740484,0.0233924050388485,0,0.978919284557978,1.15789809466297,0,0.0613070498045153,0.115675820344689,0.5,TRUE,0.980679729229291,"nn_exact_1to1",0.966048185721187,TRUE,TRUE,1,TRUE,"above the floor and passing","mahal_nocal",1,0.0260285100466763,0.0809714464912616,0.0339518142788131,0.00263610500782778,"gives up 0.034 retention against mahal_nocal for 0.0026 mean SMD, check this",TRUE
"FNP_UNP","augmented","mahal_nocal",293946,36,0,299737,0,"",36,299737,1,36,0,TRUE,0,"complete",0.980679729229291,5791,11,0.0809714464912616,0.0260285100466763,0,0.917257262804762,1.12589422534361,0,0.0665294798193024,0.125322338116525,1,TRUE,0.980679729229291,"nn_exact_1to1",1,TRUE,TRUE,2,FALSE,"above the floor and passing","mahal_nocal",1,0.0260285100466763,0.0809714464912616,NA,NA,"",TRUE
"FNP_UNP","augmented","bart_nocal",293946,36,0,299737,0,"",36,299737,1,36,0,TRUE,0,"complete",0.980679729229291,5791,11,0.0809023935582579,0.0270549963953935,0,0.916462497831923,1.1300682588359,0,0.0663663575445613,0.125046777299232,1,TRUE,0.980679729229291,"nn_exact_1to1",1,TRUE,TRUE,3,FALSE,"above the floor and passing","mahal_nocal",1,0.0260285100466763,0.0809714464912616,NA,NA,"",TRUE
"FNP_UNP","augmented","mahal_pscal",288409,35,1,299736,1,"Error : No units were matched.",36,299737,1,36,0,TRUE,0.00033362581196182,"complete, 1 levels failed carrying 0.00% of treated units",0.962206868020965,11328,11,0.0705759768842417,0.0276741921521577,0,0.987331921391127,1.1083426243951,0,0.0625648542234246,0.119455356802319,0.457735247208931,TRUE,0.980679729229291,"nn_exact_1to1",0.981163206847516,TRUE,TRUE,4,FALSE,"above the floor and passing","mahal_nocal",1,0.0260285100466763,0.0809714464912616,NA,NA,"",TRUE
"FNP_UNP","augmented","glm_nocal",293946,36,0,299737,0,"",36,299737,1,36,0,TRUE,0,"complete",0.980679729229291,5791,11,0.0789235328963123,0.0303428151845396,0,0.917545890507146,1.12619104914772,0,0.0667597402888659,0.125924489532091,1,TRUE,0.980679729229291,"nn_exact_1to1",1,TRUE,TRUE,5,FALSE,"above the floor and passing","mahal_nocal",1,0.0260285100466763,0.0809714464912616,NA,NA,"",TRUE
"FNP_UNP","augmented","elastic_nocal",293945,35,1,299736,1,"Error in lognet(x, is.sparse, y, weights, offset, alpha, nobs, nvars,  : 
  one multinomial or binomial class has 1 or 0 observations; not allowed",36,299737,1,36,0,TRUE,0.00033362581196182,"complete, 1 levels failed carrying 0.00% of treated units",0.980676392971171,5792,11,0.0789801588241466,0.0309801749897629,0,0.918156779967964,1.12688720757879,0,0.0668793389797051,0.126037183826906,0.545727136431784,TRUE,0.980679729229291,"nn_exact_1to1",0.999996598014601,TRUE,TRUE,6,FALSE,"above the floor and passing","mahal_nocal",1,0.0260285100466763,0.0809714464912616,NA,NA,"",TRUE
"FNP_UNP","augmented","rmahal_nocal",293946,36,0,299737,0,"",36,299737,1,36,0,TRUE,0,"complete",0.980679729229291,5791,11,0.0848912583295179,0.0312214071811825,0,0.533236752398793,1.14771434110472,0,0.0432531757356467,0.0992155021670647,1,TRUE,0.980679729229291,"nn_exact_1to1",1,TRUE,TRUE,7,FALSE,"above the floor and passing","mahal_nocal",1,0.0260285100466763,0.0809714464912616,NA,NA,"",TRUE
"FNP_UNP","augmented","glm_cal025",288153,35,1,299736,1,"Error : No units were matched.",36,299737,1,36,0,TRUE,0.00033362581196182,"complete, 1 levels failed carrying 0.00% of treated units",0.961352785942343,11584,11,0.0809520618376494,0.0357163143434365,0,0.814571345259564,1.11560452989019,0,0.0693728558542317,0.126807633444732,0.525,TRUE,0.980679729229291,"nn_exact_1to1",0.980292298585454,TRUE,TRUE,8,FALSE,"above the floor and passing","mahal_nocal",1,0.0260285100466763,0.0809714464912616,NA,NA,"",TRUE
"FNP_UNP","augmented","nn_exact_1to1",293946,36,0,299737,0,"",36,299737,1,36,0,TRUE,0,"complete",0.980679729229291,5791,11,0.551438333116043,0.157390894553807,5,0.128430649981898,1.16759528156143,1,0.138975250784281,0.285909656875753,1,FALSE,0.980679729229291,"nn_exact_1to1",1,TRUE,FALSE,9,FALSE,"above the floor, 5 covariates over SMD 0.10, 1 outside the VR window","mahal_nocal",1,0.0260285100466763,0.0809714464912616,NA,NA,"",TRUE
"FNP_UNP","augmented","rmahal_cal025",107709,35,1,299736,1,"Error : No units were matched.",36,299737,1,36,0,TRUE,0.00033362581196182,"complete, 1 levels failed carrying 0.00% of treated units",0.359345025805957,192028,11,0.0161574208433948,0.00571087833544201,0,0.992332500462829,1.01396150358575,0,0.0438955500574814,0.0992024807583396,0.476597476597477,TRUE,0.980679729229291,"nn_exact_1to1",0.366424445306281,FALSE,FALSE,10,FALSE,"caliper kept 0.366 of the structurally matchable units, below 0.90","mahal_nocal",1,0.0260285100466763,0.0809714464912616,NA,NA,"",TRUE
"FNP_UNP","augmented","bart_cal025",231650,36,0,299737,0,"",36,299737,1,36,0,TRUE,0,"complete",0.772844193409556,68087,11,0.0470381318416407,0.0202293171430839,0,0.953934259238089,1.10302903672844,0,0.058564498815938,0.115730628102741,1,TRUE,0.980679729229291,"nn_exact_1to1",0.788069917603914,FALSE,FALSE,11,FALSE,"caliper kept 0.788 of the structurally matchable units, below 0.90","mahal_nocal",1,0.0260285100466763,0.0809714464912616,NA,NA,"",TRUE
"FNP_UNP","baseline","mahal_nocal",293976,36,0,299737,0,"",36,299737,1,36,0,TRUE,0,"complete",0.98077981697288,5761,8,0.0671962017602785,0.0251956238068967,0,0.908070285099838,1.08560058763985,0,0.0565198060425812,0.11144447165755,1,TRUE,0.98077981697288,"nn_exact_1to1",1,TRUE,TRUE,1,TRUE,"above the floor and passing","mahal_nocal",1,0.0251956238068967,0.0671962017602785,0,0,"",TRUE
"FNP_UNP","baseline","bart_nocal",293976,36,0,299737,0,"",36,299737,1,36,0,TRUE,0,"complete",0.98077981697288,5761,8,0.067179845703684,0.0255728479652584,0,0.907790430390683,1.0912296308406,0,0.0560557704418365,0.111369635616513,1,TRUE,0.98077981697288,"nn_exact_1to1",1,TRUE,TRUE,2,FALSE,"above the floor and passing","mahal_nocal",1,0.0251956238068967,0.0671962017602785,NA,NA,"",TRUE
"FNP_UNP","baseline","elastic_cal025",284974,35,1,299736,1,"Error in lognet(x, is.sparse, y, weights, offset, alpha, nobs, nvars,  : 
  one multinomial or binomial class has 1 or 0 observations; not allowed",36,299737,1,36,0,TRUE,0.00033362581196182,"complete, 1 levels failed carrying 0.00% of treated units",0.950746821380076,14763,8,0.0557815185791693,0.0262159599679186,0,0.985209811170624,1.08929172162848,0,0.055268886508588,0.106620253075719,0.45,TRUE,0.98077981697288,"nn_exact_1to1",0.969378452662802,TRUE,TRUE,3,FALSE,"above the floor and passing","mahal_nocal",1,0.0251956238068967,0.0671962017602785,NA,NA,"",TRUE
"FNP_UNP","baseline","mahal_pscal",289487,36,0,299737,0,"",36,299737,1,36,0,TRUE,0,"complete",0.965803354273914,10250,8,0.0604550773938039,0.027915754921923,0,0.99123020953015,1.09177248790669,0,0.055006430965167,0.107362334059906,1,TRUE,0.98077981697288,"nn_exact_1to1",0.984730045990149,TRUE,TRUE,4,FALSE,"above the floor and passing","mahal_nocal",1,0.0251956238068967,0.0671962017602785,NA,NA,"",TRUE
"FNP_UNP","baseline","glm_nocal",293976,36,0,299737,0,"",36,299737,1,36,0,TRUE,0,"complete",0.98077981697288,5761,8,0.0647301934024163,0.0280662576467341,0,0.907786907090929,1.08895376481372,0,0.0564328441126577,0.111036275070074,1,TRUE,0.98077981697288,"nn_exact_1to1",1,TRUE,TRUE,5,FALSE,"above the floor and passing","mahal_nocal",1,0.0251956238068967,0.0671962017602785,NA,NA,"",TRUE
"FNP_UNP","baseline","elastic_nocal",293975,35,1,299736,1,"Error in lognet(x, is.sparse, y, weights, offset, alpha, nobs, nvars,  : 
  one multinomial or binomial class has 1 or 0 observations; not allowed",36,299737,1,36,0,TRUE,0.00033362581196182,"complete, 1 levels failed carrying 0.00% of treated units",0.98077648071476,5762,8,0.0647307006599504,0.0283801164367329,0,0.909314499929864,1.09010896395888,0,0.0565215926940317,0.111305383110809,0.52623688155922,TRUE,0.98077981697288,"nn_exact_1to1",0.999996598361771,TRUE,TRUE,6,FALSE,"above the floor and passing","mahal_nocal",1,0.0251956238068967,0.0671962017602785,NA,NA,"",TRUE
"FNP_UNP","baseline","rmahal_nocal",293976,36,0,299737,0,"",36,299737,1,36,0,TRUE,0,"complete",0.98077981697288,5761,8,0.0745876693597493,0.0304918752847685,0,0.55615293514349,1.13570142352825,0,0.0394499277764801,0.0916231256973359,1,TRUE,0.98077981697288,"nn_exact_1to1",1,TRUE,TRUE,7,FALSE,"above the floor and passing","mahal_nocal",1,0.0251956238068967,0.0671962017602785,NA,NA,"",TRUE
"FNP_UNP","baseline","nn_exact_1to1",293976,36,0,299737,0,"",36,299737,1,36,0,TRUE,0,"complete",0.98077981697288,5761,8,0.67287432519482,0.205973153261524,5,0.0800983566571495,1.16542185237928,1,0.139714000906202,0.285917898059706,1,FALSE,0.98077981697288,"nn_exact_1to1",1,TRUE,FALSE,8,FALSE,"above the floor, 5 covariates over SMD 0.10, 1 outside the VR window","mahal_nocal",1,0.0251956238068967,0.0671962017602785,NA,NA,"",TRUE
"FNP_UNP","baseline","rmahal_cal025",173680,35,1,299736,1,"Error : No units were matched.",36,299737,1,36,0,TRUE,0.00033362581196182,"complete, 1 levels failed carrying 0.00% of treated units",0.579441310215289,126057,8,0.0184942591981223,0.00794822389173283,0,0.995444314245264,1.01424141334745,0,0.0339737341276364,0.0772339935513588,0.423901247965274,TRUE,0.98077981697288,"nn_exact_1to1",0.590796527607696,FALSE,FALSE,9,FALSE,"caliper kept 0.591 of the structurally matchable units, below 0.90","mahal_nocal",1,0.0251956238068967,0.0671962017602785,NA,NA,"",TRUE
"FP_UP","augmented","bart_nocal",290862,36,0,299945,0,"",36,299945,1,36,0,TRUE,0,"complete",0.969717781593292,9083,11,0.0470937836963453,0.0154836448611377,0,0.870936962287403,1.09294823448243,0,0.0527884539299231,0.101357344720177,1,TRUE,0.969717781593292,"nn_exact_1to1",1,TRUE,TRUE,1,TRUE,"above the floor and passing","bart_nocal",1,0.0154836448611377,0.0470937836963453,0,0,"",TRUE
"FP_UP","augmented","mahal_nocal",290862,36,0,299945,0,"",36,299945,1,36,0,TRUE,0,"complete",0.969717781593292,9083,11,0.0494119230981521,0.015554800698392,0,0.874766391574405,1.06924394019087,0,0.052658304177236,0.101604884790726,1,TRUE,0.969717781593292,"nn_exact_1to1",1,TRUE,TRUE,2,FALSE,"above the floor and passing","bart_nocal",1,0.0154836448611377,0.0470937836963453,NA,NA,"",TRUE
"FP_UP","augmented","elastic_nocal",290861,35,1,299944,1,"Error in lognet(x, is.sparse, y, weights, offset, alpha, nobs, nvars,  : 
  one multinomial or binomial class has 1 or 0 observations; not allowed",36,299945,1,36,0,TRUE,0.000333394455650203,"complete, 1 levels failed carrying 0.00% of treated units",0.969714447648736,9084,11,0.0447008233152232,0.0163466577560005,0,0.868131544486264,1.07310766223575,0,0.0516953293997622,0.0999515232361851,0.526315789473684,TRUE,0.969717781593292,"nn_exact_1to1",0.999996561943465,TRUE,TRUE,3,FALSE,"above the floor and passing","bart_nocal",1,0.0154836448611377,0.0470937836963453,NA,NA,"",TRUE
"FP_UP","augmented","glm_nocal",290862,36,0,299945,0,"",36,299945,1,36,0,TRUE,0,"complete",0.969717781593292,9083,11,0.0455990245522325,0.0164856907549317,0,0.868075421946916,1.07254774958779,0,0.0520482148177288,0.100415317229477,1,TRUE,0.969717781593292,"nn_exact_1to1",1,TRUE,TRUE,4,FALSE,"above the floor and passing","bart_nocal",1,0.0154836448611377,0.0470937836963453,NA,NA,"",TRUE
"FP_UP","augmented","mahal_pscal",289701,35,1,299944,1,"Error : No units were matched.",36,299945,1,36,0,TRUE,0.000333394455650203,"complete, 1 levels failed carrying 0.00% of treated units",0.965847071963193,10244,11,0.053712847017898,0.0207809018833956,0,0.865616256296653,1.08183821298318,0,0.0551205907506112,0.104569884121905,0.526315789473684,TRUE,0.969717781593292,"nn_exact_1to1",0.996008416362399,TRUE,TRUE,5,FALSE,"above the floor and passing","bart_nocal",1,0.0154836448611377,0.0470937836963453,NA,NA,"",TRUE
"FP_UP","augmented","bart_cal025",262665,35,1,299944,1,"Error : No units were matched.",36,299945,1,36,0,TRUE,0.000333394455650203,"complete, 1 levels failed carrying 0.00% of treated units",0.875710546933605,37280,11,0.056111111735664,0.0209540311799853,0,0.933172579714375,1.10625321042696,0,0.0565370508844962,0.106626311080654,0.526315789473684,TRUE,0.969717781593292,"nn_exact_1to1",0.903057119871279,TRUE,TRUE,6,FALSE,"above the floor and passing","bart_nocal",1,0.0154836448611377,0.0470937836963453,NA,NA,"",TRUE
"FP_UP","augmented","elastic_cal025",287456,35,1,299944,1,"Error in lognet(x, is.sparse, y, weights, offset, alpha, nobs, nvars,  : 
  one multinomial or binomial class has 1 or 0 observations; not allowed",36,299945,1,36,0,TRUE,0.000333394455650203,"complete, 1 levels failed carrying 0.00% of treated units",0.958362366433846,12489,11,0.060910035445098,0.0261770879208765,0,0.861704752982768,1.16883422815801,0,0.0580166475971751,0.106419765111878,0.578947368421053,TRUE,0.969717781593292,"nn_exact_1to1",0.988289979440422,TRUE,TRUE,7,FALSE,"above the floor and passing","bart_nocal",1,0.0154836448611377,0.0470937836963453,NA,NA,"",TRUE
"FP_UP","augmented","rmahal_nocal",290862,36,0,299945,0,"",36,299945,1,36,0,TRUE,0,"complete",0.969717781593292,9083,11,0.0802857513431106,0.0234884364628777,0,0.297559505543253,1.05193491507602,1,0.0337092635818985,0.0901699087539796,1,FALSE,0.969717781593292,"nn_exact_1to1",1,TRUE,FALSE,8,FALSE,"above the floor, 0 covariates over SMD 0.10, 1 outside the VR window","bart_nocal",1,0.0154836448611377,0.0470937836963453,NA,NA,"",TRUE
"FP_UP","augmented","glm_cal025",289546,35,1,299944,1,"Error : No units were matched.",36,299945,1,36,0,TRUE,0.000333394455650203,"complete, 1 levels failed carrying 0.00% of treated units",0.965330310556935,10399,11,0.122997406189598,0.0612966247902978,2,0.530326121847403,1.00969980259401,0,0.0847083399591347,0.136012930587886,0.549668874172185,FALSE,0.969717781593292,"nn_exact_1to1",0.995475517599411,TRUE,FALSE,9,FALSE,"above the floor, 2 covariates over SMD 0.10, 0 outside the VR window","bart_nocal",1,0.0154836448611377,0.0470937836963453,NA,NA,"",TRUE
"FP_UP","augmented","nn_exact_1to1",290862,36,0,299945,0,"",36,299945,1,36,0,TRUE,0,"complete",0.969717781593292,9083,11,0.384444606376684,0.196781325472144,8,0.0859375933351819,1.04092592891743,2,0.123185061212162,0.263554537890821,1,FALSE,0.969717781593292,"nn_exact_1to1",1,TRUE,FALSE,10,FALSE,"above the floor, 8 covariates over SMD 0.10, 2 outside the VR window","bart_nocal",1,0.0154836448611377,0.0470937836963453,NA,NA,"",TRUE
"FP_UP","augmented","rmahal_cal025",106279,35,1,299944,1,"Error : No units were matched.",36,299945,1,36,0,TRUE,0.000333394455650203,"complete, 1 levels failed carrying 0.00% of treated units",0.354328293520479,193666,11,0.0109138322876136,0.00581312492902473,0,0.967969256202336,1.00538986539631,0,0.0316887791705755,0.0664101092407719,0.565217391304348,TRUE,0.969717781593292,"nn_exact_1to1",0.365393210525954,FALSE,FALSE,11,FALSE,"caliper kept 0.365 of the structurally matchable units, below 0.90","bart_nocal",1,0.0154836448611377,0.0470937836963453,NA,NA,"",TRUE
"FP_UP","baseline","elastic_nocal",290884,35,1,299944,1,"Error in lognet(x, is.sparse, y, weights, offset, alpha, nobs, nvars,  : 
  one multinomial or binomial class has 1 or 0 observations; not allowed",36,299945,1,36,0,TRUE,0.000333394455650203,"complete, 1 levels failed carrying 0.00% of treated units",0.969791128373535,9061,8,0.0358932469133306,0.0161607135822828,0,0.883337881408384,1.05828797011628,0,0.0477975666084799,0.0944947126689678,0.473684210526316,TRUE,0.969794462318092,"nn_exact_1to1",0.999996562215308,TRUE,TRUE,1,TRUE,"above the floor and passing","glm_nocal",1,0.0167752819762357,0.036719081064469,0.00000343778469158451,0.000614568393952891,"",TRUE
"FP_UP","baseline","glm_nocal",290885,36,0,299945,0,"",36,299945,1,36,0,TRUE,0,"complete",0.969794462318092,9060,8,0.036719081064469,0.0167752819762357,0,0.882900704896948,1.05797030036917,0,0.0482962505472767,0.0952300737404815,1,TRUE,0.969794462318092,"nn_exact_1to1",1,TRUE,TRUE,2,FALSE,"above the floor and passing","glm_nocal",1,0.0167752819762357,0.036719081064469,NA,NA,"",TRUE
"FP_UP","baseline","mahal_nocal",290885,36,0,299945,0,"",36,299945,1,36,0,TRUE,0,"complete",0.969794462318092,9060,8,0.0411363607806108,0.0179377877025303,0,0.889652731838782,1.05758423505159,0,0.0491206448186972,0.0967598879282189,1,TRUE,0.969794462318092,"nn_exact_1to1",1,TRUE,TRUE,3,FALSE,"above the floor and passing","glm_nocal",1,0.0167752819762357,0.036719081064469,NA,NA,"",TRUE
"FP_UP","baseline","mahal_pscal",289298,35,1,299944,1,"Error : No units were matched.",36,299945,1,36,0,TRUE,0.000333394455650203,"complete, 1 levels failed carrying 0.00% of treated units",0.964503492306923,10647,8,0.0405948104826253,0.0205028574415703,0,0.879305731099329,1.0561060539691,0,0.04992862556176,0.0978437458952359,0.473684210526316,TRUE,0.969794462318092,"nn_exact_1to1",0.994544235694518,TRUE,TRUE,4,FALSE,"above the floor and passing","glm_nocal",1,0.0167752819762357,0.036719081064469,NA,NA,"",TRUE
"FP_UP","baseline","elastic_cal025",284561,35,1,299944,1,"Error in lognet(x, is.sparse, y, weights, offset, alpha, nobs, nvars,  : 
  one multinomial or binomial class has 1 or 0 observations; not allowed",36,299945,1,36,0,TRUE,0.000333394455650203,"complete, 1 levels failed carrying 0.00% of treated units",0.948710596942773,15384,8,0.0490761008574307,0.0284447443912117,0,0.761899302642512,1.05366627366759,0,0.0546835694165552,0.102688000112454,0.526315789473684,TRUE,0.969794462318092,"nn_exact_1to1",0.978259449610671,TRUE,TRUE,5,FALSE,"above the floor and passing","glm_nocal",1,0.0167752819762357,0.036719081064469,NA,NA,"",TRUE
"FP_UP","baseline","rmahal_nocal",290885,36,0,299945,0,"",36,299945,1,36,0,TRUE,0,"complete",0.969794462318092,9060,8,0.067846442458531,0.0221381669077009,0,0.3010107443105,1.0477227994449,1,0.0314365086419186,0.0878353988689688,1,FALSE,0.969794462318092,"nn_exact_1to1",1,TRUE,FALSE,6,FALSE,"above the floor, 0 covariates over SMD 0.10, 1 outside the VR window","glm_nocal",1,0.0167752819762357,0.036719081064469,NA,NA,"",TRUE
"FP_UP","baseline","nn_exact_1to1",290885,36,0,299945,0,"",36,299945,1,36,0,TRUE,0,"complete",0.969794462318092,9060,8,0.401724729337731,0.199950771965294,5,0.0698461474226103,1.04260067130891,2,0.12328866969996,0.263867163999519,1,FALSE,0.969794462318092,"nn_exact_1to1",1,TRUE,FALSE,7,FALSE,"above the floor, 5 covariates over SMD 0.10, 2 outside the VR window","glm_nocal",1,0.0167752819762357,0.036719081064469,NA,NA,"",TRUE
"FP_UP","baseline","rmahal_cal025",163682,35,1,299944,1,"Error : No units were matched.",36,299945,1,36,0,TRUE,0.000333394455650203,"complete, 1 levels failed carrying 0.00% of treated units",0.545706712897364,136263,8,0.0108176868954255,0.00441881460143615,0,0.968703295331121,1.0087818085466,0,0.0257749528755909,0.0565608924622133,0.393939393939394,TRUE,0.969794462318092,"nn_exact_1to1",0.562703473881431,FALSE,FALSE,8,FALSE,"caliper kept 0.563 of the structurally matchable units, below 0.90","glm_nocal",1,0.0167752819762357,0.036719081064469,NA,NA,"",TRUE
"ONP_UNP","augmented","elastic_cal025",30331,7,0,30356,0,"",7,30356,0,7,0,TRUE,0,"complete",0.999176439583608,25,11,0.0506468183155926,0.0134312049384053,0,0.952674892766148,1.06085941126286,0,0.0923497303774003,0.16092446671722,0.355263157894737,TRUE,1,"nn_exact_1to1",0.999176439583608,TRUE,TRUE,1,TRUE,"above the floor and passing","mahal_nocal",1,0.0179057105381184,0.0844312494381549,0.000823560416392199,0.00447450559971307,"",TRUE
"ONP_UNP","augmented","bart_cal025",28714,7,0,30356,0,"",7,30356,0,7,0,TRUE,0,"complete",0.945908551851364,1642,11,0.067059187892643,0.0162134654438268,0,0.859903966748459,1.06774633982142,0,0.0809489525241164,0.135230201295535,0.24,TRUE,1,"nn_exact_1to1",0.945908551851364,TRUE,TRUE,2,FALSE,"above the floor and passing","mahal_nocal",1,0.0179057105381184,0.0844312494381549,NA,NA,"",TRUE
"ONP_UNP","augmented","mahal_nocal",30356,7,0,30356,0,"",7,30356,0,7,0,TRUE,0,"complete",1,0,11,0.0844312494381549,0.0179057105381184,0,0.873778748467677,1.04700944538304,0,0.0964703739535282,0.160100144946633,0.315789473684211,TRUE,1,"nn_exact_1to1",1,TRUE,TRUE,3,FALSE,"above the floor and passing","mahal_nocal",1,0.0179057105381184,0.0844312494381549,NA,NA,"",TRUE
"ONP_UNP","augmented","mahal_pscal",30356,7,0,30356,0,"",7,30356,0,7,0,TRUE,0,"complete",1,0,11,0.0743339900335011,0.0180368052100194,0,0.909056563542742,1.05029863204344,0,0.0960662496352125,0.160001317696666,0.315789473684211,TRUE,1,"nn_exact_1to1",1,TRUE,TRUE,4,FALSE,"above the floor and passing","mahal_nocal",1,0.0179057105381184,0.0844312494381549,NA,NA,"",TRUE
"ONP_UNP","augmented","bart_nocal",30356,7,0,30356,0,"",7,30356,0,7,0,TRUE,0,"complete",1,0,11,0.0836548828939621,0.0183681449437371,0,0.88885437057889,1.04892438903463,0,0.0964458089956276,0.159968375280011,0.315789473684211,TRUE,1,"nn_exact_1to1",1,TRUE,TRUE,5,FALSE,"above the floor and passing","mahal_nocal",1,0.0179057105381184,0.0844312494381549,NA,NA,"",TRUE
"ONP_UNP","augmented","elastic_nocal",30356,7,0,30356,0,"",7,30356,0,7,0,TRUE,0,"complete",1,0,11,0.084565716432534,0.0196780083165048,0,0.881750894340053,1.04923940934502,0,0.0969243130326617,0.15996837528001,0.309210526315789,TRUE,1,"nn_exact_1to1",1,TRUE,TRUE,6,FALSE,"above the floor and passing","mahal_nocal",1,0.0179057105381184,0.0844312494381549,NA,NA,"",TRUE
"ONP_UNP","augmented","glm_nocal",30356,7,0,30356,0,"",7,30356,0,7,0,TRUE,0,"complete",1,0,11,0.0845239509186879,0.0196812242122387,0,0.881672794303439,1.05004550922993,0,0.096813601928129,0.159737778363421,0.315789473684211,TRUE,1,"nn_exact_1to1",1,TRUE,TRUE,7,FALSE,"above the floor and passing","mahal_nocal",1,0.0179057105381184,0.0844312494381549,NA,NA,"",TRUE
"ONP_UNP","augmented","glm_cal025",30356,7,0,30356,0,"",7,30356,0,7,0,TRUE,0,"complete",1,0,11,0.0654535911141453,0.0369704818861883,0,0.772525553197205,1.14802187378465,0,0.0794338584598256,0.163987350112004,0.644736842105263,TRUE,1,"nn_exact_1to1",1,TRUE,TRUE,8,FALSE,"above the floor and passing","mahal_nocal",1,0.0179057105381184,0.0844312494381549,NA,NA,"",TRUE
"ONP_UNP","augmented","rmahal_nocal",30356,7,0,30356,0,"",7,30356,0,7,0,TRUE,0,"complete",1,0,11,0.0322903966194652,0.0105694915296073,0,0.474474061512636,1.06348541806551,1,0.0195498511739079,0.0547502964817499,0.282894736842105,FALSE,1,"nn_exact_1to1",1,TRUE,FALSE,9,FALSE,"above the floor, 0 covariates over SMD 0.10, 1 outside the VR window","mahal_nocal",1,0.0179057105381184,0.0844312494381549,NA,NA,"",TRUE
"ONP_UNP","augmented","nn_exact_1to1",30356,7,0,30356,0,"",7,30356,0,7,0,TRUE,0,"complete",1,0,11,1.55090902997439,0.363774121935049,10,0.0180475343458088,1.82949446082646,1,0.168214300926862,0.355745157464752,0.947368421052632,FALSE,1,"nn_exact_1to1",1,TRUE,FALSE,10,FALSE,"above the floor, 10 covariates over SMD 0.10, 1 outside the VR window","mahal_nocal",1,0.0179057105381184,0.0844312494381549,NA,NA,"",TRUE
"ONP_UNP","augmented","rmahal_cal025",12615,7,0,30356,0,"",7,30356,0,7,0,TRUE,0,"complete",0.415568586111477,17741,11,0.0581501105299964,0.00733101304501427,0,0.892331467766757,1.01365421302585,0,0.0741912886260965,0.1235037653587,0.227766798418972,TRUE,1,"nn_exact_1to1",0.415568586111477,FALSE,FALSE,11,FALSE,"caliper kept 0.416 of the structurally matchable units, below 0.90","mahal_nocal",1,0.0179057105381184,0.0844312494381549,NA,NA,"",TRUE
"ONP_UNP","baseline","rmahal_nocal",30371,7,0,30371,0,"",7,30371,0,7,0,TRUE,0,"complete",1,0,8,0.016485898110626,0.00796204076911799,0,0.617262661203051,1.05114707468266,0,0.0137177590138574,0.0474465773270554,0.236842105263158,TRUE,1,"nn_exact_1to1",1,TRUE,TRUE,1,TRUE,"above the floor and passing","rmahal_nocal",1,0.00796204076911799,0.016485898110626,0,0,"",TRUE
"ONP_UNP","baseline","elastic_cal025",30309,7,0,30371,0,"",7,30371,0,7,0,TRUE,0,"complete",0.99795857890751,62,8,0.0363427138524759,0.0130326686335953,0,0.986446905331315,1.04017693360967,0,0.077775381986627,0.134613481144215,0.263157894736842,TRUE,1,"nn_exact_1to1",0.99795857890751,TRUE,TRUE,2,FALSE,"above the floor and passing","rmahal_nocal",1,0.00796204076911799,0.016485898110626,NA,NA,"",TRUE
"ONP_UNP","baseline","mahal_nocal",30371,7,0,30371,0,"",7,30371,0,7,0,TRUE,0,"complete",1,0,8,0.0526261869177293,0.0152607811594146,0,0.964546541174841,1.02850466279402,0,0.0783234055429824,0.134174047611208,0.240951908775409,TRUE,1,"nn_exact_1to1",1,TRUE,TRUE,3,FALSE,"above the floor and passing","rmahal_nocal",1,0.00796204076911799,0.016485898110626,NA,NA,"",TRUE
"ONP_UNP","baseline","bart_nocal",30371,7,0,30371,0,"",7,30371,0,7,0,TRUE,0,"complete",1,0,8,0.0534213821282,0.0162032606017999,0,0.957843353152176,1.03071216072627,0,0.0785438484551414,0.134206973757861,0.243430837878037,TRUE,1,"nn_exact_1to1",1,TRUE,TRUE,4,FALSE,"above the floor and passing","rmahal_nocal",1,0.00796204076911799,0.016485898110626,NA,NA,"",TRUE
"ONP_UNP","baseline","mahal_pscal",30371,7,0,30371,0,"",7,30371,0,7,0,TRUE,0,"complete",1,0,8,0.052597688503317,0.0170189580513656,0,0.961090136271586,1.03038138692707,0,0.07916593783415,0.134602087517698,0.24194348041646,TRUE,1,"nn_exact_1to1",1,TRUE,TRUE,5,FALSE,"above the floor and passing","rmahal_nocal",1,0.00796204076911799,0.016485898110626,NA,NA,"",TRUE
"ONP_UNP","baseline","glm_nocal",30371,7,0,30371,0,"",7,30371,0,7,0,TRUE,0,"complete",1,0,8,0.0544079692488679,0.0175548524584123,0,0.958034753255246,1.03159051483878,0,0.0791451193014973,0.134766718250963,0.245909766980664,TRUE,1,"nn_exact_1to1",1,TRUE,TRUE,6,FALSE,"above the floor and passing","rmahal_nocal",1,0.00796204076911799,0.016485898110626,NA,NA,"",TRUE
"ONP_UNP","baseline","elastic_nocal",30371,7,0,30371,0,"",7,30371,0,7,0,TRUE,0,"complete",1,0,8,0.0541878509320372,0.0177636335184,0,0.957819581419949,1.0307505142922,0,0.0790461157086462,0.134503309077739,0.245909766980664,TRUE,1,"nn_exact_1to1",1,TRUE,TRUE,7,FALSE,"above the floor and passing","rmahal_nocal",1,0.00796204076911799,0.016485898110626,NA,NA,"",TRUE
"ONP_UNP","baseline","nn_exact_1to1",30371,7,0,30371,0,"",7,30371,0,7,0,TRUE,0,"complete",1,0,8,1.60113594894664,0.438004344378818,7,0.0170753691392658,1.86783474070823,1,0.170411638000846,0.355997497612854,0.947368421052632,FALSE,1,"nn_exact_1to1",1,TRUE,FALSE,8,FALSE,"above the floor, 7 covariates over SMD 0.10, 1 outside the VR window","rmahal_nocal",1,0.00796204076911799,0.016485898110626,NA,NA,"",TRUE
"ONP_UNP","baseline","rmahal_cal025",23010,7,0,30371,0,"",7,30371,0,7,0,TRUE,0,"complete",0.757630634486846,7361,8,0.0170492412619898,0.00485430130576917,0,0.960026506825112,1.00556384116776,0,0.0346260937893893,0.0747066492829205,0.149993579041993,TRUE,1,"nn_exact_1to1",0.757630634486846,FALSE,FALSE,9,FALSE,"caliper kept 0.758 of the structurally matchable units, below 0.90","rmahal_nocal",1,0.00796204076911799,0.016485898110626,NA,NA,"",TRUE
"TNP_UNP","augmented","mahal_pscal",60345,36,0,60345,0,"",36,60345,0,36,0,TRUE,0,"complete",1,0,11,0.0186683302361003,0.00858951771737817,0,0.986845998081866,1.01165448925927,0,0.0229916448045512,0.0492170022371365,0.387096774193548,TRUE,1,"nn_exact_1to1",1,TRUE,TRUE,1,TRUE,"above the floor and passing","mahal_pscal",1,0.00858951771737817,0.0186683302361003,0,0,"",TRUE
"TNP_UNP","augmented","mahal_nocal",60345,36,0,60345,0,"",36,60345,0,36,0,TRUE,0,"complete",1,0,11,0.018705108282508,0.00877551068509778,0,0.98664808965916,1.01146694398645,0,0.02397774981368,0.050078714060817,0.387096774193548,TRUE,1,"nn_exact_1to1",1,TRUE,TRUE,2,FALSE,"above the floor and passing","mahal_pscal",1,0.00858951771737817,0.0186683302361003,NA,NA,"",TRUE
"TNP_UNP","augmented","bart_nocal",60345,36,0,60345,0,"",36,60345,0,36,0,TRUE,0,"complete",1,0,11,0.0186397582909302,0.00884713172969326,0,0.986782337228902,1.01122673962208,0,0.0239706073615654,0.0501781423481647,0.419354838709677,TRUE,1,"nn_exact_1to1",1,TRUE,TRUE,3,FALSE,"above the floor and passing","mahal_pscal",1,0.00858951771737817,0.0186683302361003,NA,NA,"",TRUE
"TNP_UNP","augmented","elastic_cal025",60343,36,0,60345,0,"",36,60345,0,36,0,TRUE,0,"complete",0.999966857237551,2,11,0.0188275576194268,0.00886121177285297,0,0.989153397770935,1.01176058328751,0,0.0232415780807246,0.0496495036706826,0.387096774193548,TRUE,1,"nn_exact_1to1",0.999966857237551,TRUE,TRUE,4,FALSE,"above the floor and passing","mahal_pscal",1,0.00858951771737817,0.0186683302361003,NA,NA,"",TRUE
"TNP_UNP","augmented","elastic_nocal",60345,36,0,60345,0,"",36,60345,0,36,0,TRUE,0,"complete",1,0,11,0.0186650606652183,0.00898306683514416,0,0.986736211579159,1.01135518051638,0,0.023978192736667,0.0501615709669401,0.387096774193548,TRUE,1,"nn_exact_1to1",1,TRUE,TRUE,5,FALSE,"above the floor and passing","mahal_pscal",1,0.00858951771737817,0.0186683302361003,NA,NA,"",TRUE
"TNP_UNP","augmented","glm_nocal",60345,36,0,60345,0,"",36,60345,0,36,0,TRUE,0,"complete",1,0,11,0.0184871154398181,0.00899049271327553,0,0.986525361414262,1.01150827637997,0,0.0239033994067612,0.0500621426795924,0.387096774193548,TRUE,1,"nn_exact_1to1",1,TRUE,TRUE,6,FALSE,"above the floor and passing","mahal_pscal",1,0.00858951771737817,0.0186683302361003,NA,NA,"",TRUE
"TNP_UNP","augmented","rmahal_nocal",60345,36,0,60345,0,"",36,60345,0,36,0,TRUE,0,"complete",1,0,11,0.0342976433213706,0.0119552586810749,0,0.861926982038655,1.00021136938424,0,0.00982195836628614,0.0314524815643384,0.451612903225806,TRUE,1,"nn_exact_1to1",1,TRUE,TRUE,7,FALSE,"above the floor and passing","mahal_pscal",1,0.00858951771737817,0.0186683302361003,NA,NA,"",TRUE
"TNP_UNP","augmented","glm_cal025",60345,36,0,60345,0,"",36,60345,0,36,0,TRUE,0,"complete",1,0,11,0.121183594122514,0.0567527899201983,2,0.727310193488476,1.01770193285508,0,0.079419364969072,0.12529621343939,0.5,FALSE,1,"nn_exact_1to1",1,TRUE,FALSE,8,FALSE,"above the floor, 2 covariates over SMD 0.10, 0 outside the VR window","mahal_pscal",1,0.00858951771737817,0.0186683302361003,NA,NA,"",TRUE
"TNP_UNP","augmented","nn_exact_1to1",60345,36,0,60345,0,"",36,60345,0,36,0,TRUE,0,"complete",1,0,11,0.581452008044782,0.214304225557823,7,0.498952534613106,1.14032167198153,1,0.148728641172392,0.326721352224708,0.774193548387097,FALSE,1,"nn_exact_1to1",1,TRUE,FALSE,9,FALSE,"above the floor, 7 covariates over SMD 0.10, 1 outside the VR window","mahal_pscal",1,0.00858951771737817,0.0186683302361003,NA,NA,"",TRUE
"TNP_UNP","augmented","rmahal_cal025",45112,36,0,60345,0,"",36,60345,0,36,0,TRUE,0,"complete",0.747568149805286,15233,11,0.0115435537105743,0.00394799456233105,0,0.984692073131238,1.0030326538608,0,0.0122740635597217,0.0318318850860082,0.55,TRUE,1,"nn_exact_1to1",0.747568149805286,FALSE,FALSE,10,FALSE,"caliper kept 0.748 of the structurally matchable units, below 0.90","mahal_pscal",1,0.00858951771737817,0.0186683302361003,NA,NA,"",TRUE
"TNP_UNP","baseline","rmahal_cal025",58295,36,0,60345,0,"",36,60345,0,36,0,TRUE,0,"complete",0.966028668489519,2050,8,0.0102124342314634,0.00220445818916897,0,0.994817563139898,1.00093014896732,0,0.00559813417634145,0.0232953083454842,0.344827586206897,TRUE,1,"nn_exact_1to1",0.966028668489519,TRUE,TRUE,1,TRUE,"above the floor and passing","glm_nocal",1,0.0025280896814726,0.00881881573778279,0.0339713315104814,0.000323631492303624,"gives up 0.034 retention against glm_nocal for 0.0003 mean SMD, check this",TRUE
"TNP_UNP","baseline","glm_nocal",60345,36,0,60345,0,"",36,60345,0,36,0,TRUE,0,"complete",1,0,8,0.00881881573778279,0.0025280896814726,0,0.998845162728522,1.00751849118061,0,0.0129570219889956,0.0327450492998591,0.32258064516129,TRUE,1,"nn_exact_1to1",1,TRUE,TRUE,2,FALSE,"above the floor and passing","glm_nocal",1,0.0025280896814726,0.00881881573778279,NA,NA,"",TRUE
"TNP_UNP","baseline","mahal_pscal",60345,36,0,60345,0,"",36,60345,0,36,0,TRUE,0,"complete",1,0,8,0.00889302088591168,0.00254556911166195,0,0.999008130851571,1.00748035338776,0,0.0128602094178399,0.0328113348247576,0.32258064516129,TRUE,1,"nn_exact_1to1",1,TRUE,TRUE,3,FALSE,"above the floor and passing","glm_nocal",1,0.0025280896814726,0.00881881573778279,NA,NA,"",TRUE
"TNP_UNP","baseline","rmahal_nocal",60345,36,0,60345,0,"",36,60345,0,36,0,TRUE,0,"complete",1,0,8,0.00984693177275715,0.00262684264813244,0,0.984461589571026,1.02695882114127,0,0.00593897137075291,0.0234650758140691,0.290322580645161,TRUE,1,"nn_exact_1to1",1,TRUE,TRUE,4,FALSE,"above the floor and passing","glm_nocal",1,0.0025280896814726,0.00881881573778279,NA,NA,"",TRUE
"TNP_UNP","baseline","elastic_nocal",60345,36,0,60345,0,"",36,60345,0,36,0,TRUE,0,"complete",1,0,8,0.00897712339602253,0.00267275016118712,0,0.999086486025482,1.00728190046267,0,0.0130768020433557,0.0330267627806778,0.32258064516129,TRUE,1,"nn_exact_1to1",1,TRUE,TRUE,5,FALSE,"above the floor and passing","glm_nocal",1,0.0025280896814726,0.00881881573778279,NA,NA,"",TRUE
"TNP_UNP","baseline","mahal_nocal",60345,36,0,60345,0,"",36,60345,0,36,0,TRUE,0,"complete",1,0,8,0.00885112214277667,0.00268450654157788,0,0.998980208313099,1.00701175833913,0,0.0131039470194403,0.0330433341619024,0.32258064516129,TRUE,1,"nn_exact_1to1",1,TRUE,TRUE,6,FALSE,"above the floor and passing","glm_nocal",1,0.0025280896814726,0.00881881573778279,NA,NA,"",TRUE
"TNP_UNP","baseline","elastic_cal025",60345,36,0,60345,0,"",36,60345,0,36,0,TRUE,0,"complete",1,0,8,0.00903619099232235,0.00273096074919357,0,0.99899635662325,1.00721985256252,0,0.0130330543077896,0.032794763443533,0.32258064516129,TRUE,1,"nn_exact_1to1",1,TRUE,TRUE,7,FALSE,"above the floor and passing","glm_nocal",1,0.0025280896814726,0.00881881573778279,NA,NA,"",TRUE
"TNP_UNP","baseline","nn_exact_1to1",60345,36,0,60345,0,"",36,60345,0,36,0,TRUE,0,"complete",1,0,8,0.581966192351186,0.23364535443234,5,0.49902946466277,1.13862186589686,1,0.14888861900953,0.327367636092468,0.774193548387097,FALSE,1,"nn_exact_1to1",1,TRUE,FALSE,8,FALSE,"above the floor, 5 covariates over SMD 0.10, 1 outside the VR window","glm_nocal",1,0.0025280896814726,0.00881881573778279,NA,NA,"",TRUE
"TP_UP","augmented","mahal_nocal",28619,36,0,28619,0,"",36,28619,0,36,0,TRUE,0,"complete",1,0,11,0.0119180878947916,0.0041064287871453,0,0.987938332413355,1.00807401594321,0,0.0142169444702276,0.0492679688318949,0.209302325581395,TRUE,1,"nn_exact_1to1",1,TRUE,TRUE,1,TRUE,"above the floor and passing","mahal_nocal",1,0.0041064287871453,0.0119180878947916,0,0,"",TRUE
"TP_UP","augmented","mahal_pscal",28618,36,0,28619,0,"",36,28619,0,36,0,TRUE,0,"complete",0.999965058178133,1,11,0.0124575658848587,0.00415194171632248,0,0.987377688200075,1.01357217684089,0,0.014449613420926,0.0495492347473618,0.232558139534884,TRUE,1,"nn_exact_1to1",0.999965058178133,TRUE,TRUE,2,FALSE,"above the floor and passing","mahal_nocal",1,0.0041064287871453,0.0119180878947916,NA,NA,"",TRUE
"TP_UP","augmented","elastic_cal025",28614,36,0,28619,0,"",36,28619,0,36,0,TRUE,0,"complete",0.999825290890667,5,11,0.015640914365056,0.00435013479732447,0,0.986097700851981,1.08074852707059,0,0.0153535037302067,0.0508142867127979,0.209302325581395,TRUE,1,"nn_exact_1to1",0.999825290890667,TRUE,TRUE,3,FALSE,"above the floor and passing","mahal_nocal",1,0.0041064287871453,0.0119180878947916,NA,NA,"",TRUE
"TP_UP","augmented","elastic_nocal",28619,36,0,28619,0,"",36,28619,0,36,0,TRUE,0,"complete",1,0,11,0.0116195802863857,0.00440233704002207,0,0.987617702530144,1.0077089333625,0,0.0142207648364126,0.0495824452286942,0.209302325581395,TRUE,1,"nn_exact_1to1",1,TRUE,TRUE,4,FALSE,"above the floor and passing","mahal_nocal",1,0.0041064287871453,0.0119180878947916,NA,NA,"",TRUE
"TP_UP","augmented","glm_nocal",28619,36,0,28619,0,"",36,28619,0,36,0,TRUE,0,"complete",1,0,11,0.0121259180961717,0.00441758402879264,0,0.987458784701755,1.0078634058376,0,0.0142468973351004,0.0495475034068276,0.209302325581395,TRUE,1,"nn_exact_1to1",1,TRUE,TRUE,5,FALSE,"above the floor and passing","mahal_nocal",1,0.0041064287871453,0.0119180878947916,NA,NA,"",TRUE
"TP_UP","augmented","rmahal_nocal",28619,36,0,28619,0,"",36,28619,0,36,0,TRUE,0,"complete",1,0,11,0.0247946094294195,0.00893421662215502,0,0.892099355472854,1.32316637467551,0,0.0115470306991673,0.0482197141758971,0.13953488372093,TRUE,1,"nn_exact_1to1",1,TRUE,TRUE,6,FALSE,"above the floor and passing","mahal_nocal",1,0.0041064287871453,0.0119180878947916,NA,NA,"",TRUE
"TP_UP","augmented","glm_cal025",28618,36,0,28619,0,"",36,28619,0,36,0,TRUE,0,"complete",0.999965058178133,1,11,0.0727519482924613,0.0338790185377586,0,0.608294893284025,2.25475449892978,1,0.0627612899907229,0.142672443916416,0.27906976744186,FALSE,1,"nn_exact_1to1",0.999965058178133,TRUE,FALSE,7,FALSE,"above the floor, 0 covariates over SMD 0.10, 1 outside the VR window","mahal_nocal",1,0.0041064287871453,0.0119180878947916,NA,NA,"",TRUE
"TP_UP","augmented","nn_exact_1to1",28619,36,0,28619,0,"",36,28619,0,36,0,TRUE,0,"complete",1,0,11,0.723290587544158,0.346405505679314,9,0.505663898203135,1.29568917424388,0,0.233502673100519,0.482895978196303,0.821626617375231,FALSE,1,"nn_exact_1to1",1,TRUE,FALSE,8,FALSE,"above the floor, 9 covariates over SMD 0.10, 0 outside the VR window","mahal_nocal",1,0.0041064287871453,0.0119180878947916,NA,NA,"",TRUE
"TP_UP","augmented","rmahal_cal025",25697,36,0,28619,0,"",36,28619,0,36,0,TRUE,0,"complete",0.897899996505818,2922,11,0.00867508380069904,0.00383603032961875,0,0.982780559529209,1.00913784448534,0,0.0122517001508079,0.0537805969568432,0.151515151515152,TRUE,1,"nn_exact_1to1",0.897899996505818,FALSE,FALSE,9,FALSE,"caliper kept 0.898 of the structurally matchable units, below 0.90","mahal_nocal",1,0.0041064287871453,0.0119180878947916,NA,NA,"",TRUE
"TP_UP","baseline","mahal_nocal",28619,36,0,28619,0,"",36,28619,0,36,0,TRUE,0,"complete",1,0,8,0.00196096451401018,0.00098967631249759,0,0.991764986830202,1.00271334978321,0,0.00873426350342326,0.0357105419476572,0.162790697674419,TRUE,1,"nn_exact_1to1",1,TRUE,TRUE,1,TRUE,"above the floor and passing","mahal_nocal",1,0.00098967631249759,0.00196096451401018,0,0,"",TRUE
"TP_UP","baseline","rmahal_cal025",28114,36,0,28619,0,"",36,28619,0,36,0,TRUE,0,"complete",0.982354379957371,505,8,0.00234736197880207,0.00101572168748293,0,0.993899366580117,1.00645418960214,0,0.00689329979960788,0.0349647862275023,0.0825958702064897,TRUE,1,"nn_exact_1to1",0.982354379957371,TRUE,TRUE,2,FALSE,"above the floor and passing","mahal_nocal",1,0.00098967631249759,0.00196096451401018,NA,NA,"",TRUE
"TP_UP","baseline","glm_nocal",28619,36,0,28619,0,"",36,28619,0,36,0,TRUE,0,"complete",1,0,8,0.00213984065541585,0.00115269455265543,0,0.986329653811936,1.00187344592966,0,0.00872083302950846,0.0358503092351235,0.162790697674419,TRUE,1,"nn_exact_1to1",1,TRUE,TRUE,3,FALSE,"above the floor and passing","mahal_nocal",1,0.00098967631249759,0.00196096451401018,NA,NA,"",TRUE
"TP_UP","baseline","elastic_nocal",28619,36,0,28619,0,"",36,28619,0,36,0,TRUE,0,"complete",1,0,8,0.00203663328049875,0.00115564545178665,0,0.987184043790316,1.00199060576204,0,0.00870429928294527,0.0359201928788567,0.162790697674419,TRUE,1,"nn_exact_1to1",1,TRUE,TRUE,4,FALSE,"above the floor and passing","mahal_nocal",1,0.00098967631249759,0.00196096451401018,NA,NA,"",TRUE
"TP_UP","baseline","mahal_pscal",28618,36,0,28619,0,"",36,28619,0,36,0,TRUE,0,"complete",0.999965058178133,1,8,0.00204359641247593,0.00121804577613234,0,0.980736670662041,1.00239451005376,0,0.00872780763976329,0.0358865049968551,0.162790697674419,TRUE,1,"nn_exact_1to1",0.999965058178133,TRUE,TRUE,5,FALSE,"above the floor and passing","mahal_nocal",1,0.00098967631249759,0.00196096451401018,NA,NA,"",TRUE
"TP_UP","baseline","elastic_cal025",28615,36,0,28619,0,"",36,28619,0,36,0,TRUE,0,"complete",0.999860232712534,4,8,0.00271166117249742,0.00147597340721885,0,0.996437930235588,1.08738334286797,0,0.00909421288557758,0.0362746811113053,0.162790697674419,TRUE,1,"nn_exact_1to1",0.999860232712534,TRUE,TRUE,6,FALSE,"above the floor and passing","mahal_nocal",1,0.00098967631249759,0.00196096451401018,NA,NA,"",TRUE
"TP_UP","baseline","rmahal_nocal",28619,36,0,28619,0,"",36,28619,0,36,0,TRUE,0,"complete",1,0,8,0.0116806339960932,0.00263509879707696,0,0.99219116390287,1.25996261461132,0,0.00677424214624329,0.034522520004193,0.0811594202898551,TRUE,1,"nn_exact_1to1",1,TRUE,TRUE,7,FALSE,"above the floor and passing","mahal_nocal",1,0.00098967631249759,0.00196096451401018,NA,NA,"",TRUE
"TP_UP","baseline","nn_exact_1to1",28619,36,0,28619,0,"",36,28619,0,36,0,TRUE,0,"complete",1,0,8,0.713692490684686,0.427614301304819,8,0.504940441180513,1.26268571153182,0,0.232673662524555,0.482895978196303,0.821626617375231,FALSE,1,"nn_exact_1to1",1,TRUE,FALSE,8,FALSE,"above the floor, 8 covariates over SMD 0.10, 0 outside the VR window","mahal_nocal",1,0.00098967631249759,0.00196096451401018,NA,NA,"",TRUE
"UP_UNP","augmented","mahal_pscal",89153,30,0,99315,0,"",30,99315,4,30,0,TRUE,0,"complete",0.897679101847656,10162,11,0.0877785050533323,0.0302573868582721,0,0.988214871188478,1.11585749603048,0,0.0731599470371584,0.0966989332944489,1,TRUE,0.967688667371495,"nn_exact_1to1",0.927652800033297,TRUE,TRUE,1,TRUE,"above the floor and passing","mahal_pscal",0.927652800033297,0.0302573868582721,0.0877785050533323,0,0,"",TRUE
"UP_UNP","augmented","glm_cal025",89115,30,0,99315,0,"",30,99315,4,30,0,TRUE,0,"complete",0.897296480894125,10200,11,0.0929717678642592,0.0325655360407805,0,0.725898017345305,1.18664156228614,0,0.0884807297743777,0.116893901138978,1,TRUE,0.967688667371495,"nn_exact_1to1",0.927257403283874,TRUE,TRUE,2,FALSE,"above the floor and passing","mahal_pscal",0.927652800033297,0.0302573868582721,0.0877785050533323,NA,NA,"",TRUE
"UP_UNP","augmented","mahal_nocal",96106,30,0,99315,0,"",30,99315,4,30,0,TRUE,0,"complete",0.967688667371495,3209,11,0.181377841912881,0.0706625970448867,3,0.88735783948341,1.31419961973318,0,0.0961498261912895,0.12668303747945,1,FALSE,0.967688667371495,"nn_exact_1to1",1,TRUE,FALSE,3,FALSE,"above the floor, 3 covariates over SMD 0.10, 0 outside the VR window","mahal_pscal",0.927652800033297,0.0302573868582721,0.0877785050533323,NA,NA,"",TRUE
"UP_UNP","augmented","bart_nocal",96106,30,0,99315,0,"",30,99315,4,30,0,TRUE,0,"complete",0.967688667371495,3209,11,0.191425068503029,0.0733744804573433,4,0.882964923209545,1.37371962416119,0,0.0964529019384882,0.126735063367532,1,FALSE,0.967688667371495,"nn_exact_1to1",1,TRUE,FALSE,4,FALSE,"above the floor, 4 covariates over SMD 0.10, 0 outside the VR window","mahal_pscal",0.927652800033297,0.0302573868582721,0.0877785050533323,NA,NA,"",TRUE
"UP_UNP","augmented","glm_nocal",96106,30,0,99315,0,"",30,99315,4,30,0,TRUE,0,"complete",0.967688667371495,3209,11,0.193100684656805,0.0746750572501934,4,0.877409142892461,1.37927358464901,0,0.0970143758773753,0.127910848438182,1,FALSE,0.967688667371495,"nn_exact_1to1",1,TRUE,FALSE,5,FALSE,"above the floor, 4 covariates over SMD 0.10, 0 outside the VR window","mahal_pscal",0.927652800033297,0.0302573868582721,0.0877785050533323,NA,NA,"",TRUE
"UP_UNP","augmented","elastic_nocal",96097,25,5,99306,9,"Error in h(simpleError(msg, call)) : 
  error in evaluating the argument 'x' in selecting a method for function 'drop': non-conformable arguments | Error in lognet(x, is.sparse, y, weights, offset, alpha, nobs, nvars,  : 
  one multinomial or binomial class has 1 or 0 observations; not allowed",30,99315,4,30,0,TRUE,0.00906207521522429,"complete, 5 levels failed carrying 0.01% of treated units",0.967598046619342,3218,11,0.193304995871837,0.0747171695578735,4,0.876825180792991,1.37984578584078,0,0.096987937449488,0.127860391063197,0.75,FALSE,0.967688667371495,"nn_exact_1to1",0.999906353401453,TRUE,FALSE,6,FALSE,"above the floor, 4 covariates over SMD 0.10, 0 outside the VR window","mahal_pscal",0.927652800033297,0.0302573868582721,0.0877785050533323,NA,NA,"",TRUE
"UP_UNP","augmented","rmahal_nocal",96106,30,0,99315,0,"",30,99315,4,30,0,TRUE,0,"complete",0.967688667371495,3209,11,0.200637109043054,0.0794204161377824,4,0.383647286900152,1.33655135116197,1,0.0595168330577882,0.11244875450024,1,FALSE,0.967688667371495,"nn_exact_1to1",1,TRUE,FALSE,7,FALSE,"above the floor, 4 covariates over SMD 0.10, 1 outside the VR window","mahal_pscal",0.927652800033297,0.0302573868582721,0.0877785050533323,NA,NA,"",TRUE
"UP_UNP","augmented","nn_exact_1to1",96106,30,0,99315,0,"",30,99315,4,30,0,TRUE,0,"complete",0.967688667371495,3209,11,0.448353527133413,0.191143598757424,8,0.134045347896752,1.73304481308649,1,0.166710257500901,0.234033254947662,1,FALSE,0.967688667371495,"nn_exact_1to1",1,TRUE,FALSE,8,FALSE,"above the floor, 8 covariates over SMD 0.10, 1 outside the VR window","mahal_pscal",0.927652800033297,0.0302573868582721,0.0877785050533323,NA,NA,"",TRUE
"UP_UNP","augmented","bart_cal025",78795,30,0,99315,0,"",30,99315,4,30,0,TRUE,0,"complete",0.793384685092886,20520,11,0.0463316538426544,0.0184413208116804,0,0.95853754592508,1.08578786319832,0,0.0770842228560764,0.0996002284408909,1,TRUE,0.967688667371495,"nn_exact_1to1",0.819875970282813,FALSE,FALSE,9,FALSE,"caliper kept 0.820 of the structurally matchable units, below 0.90","mahal_pscal",0.927652800033297,0.0302573868582721,0.0877785050533323,NA,NA,"",TRUE
"UP_UNP","augmented","elastic_cal025",84558,26,4,99309,6,"Error in lognet(x, is.sparse, y, weights, offset, alpha, nobs, nvars,  : 
  one multinomial or binomial class has 1 or 0 observations; not allowed",30,99315,4,30,0,TRUE,0.00604138347681619,"complete, 4 levels failed carrying 0.01% of treated units",0.851412173387706,14757,11,0.0562122573638271,0.0211757304468112,0,0.985515693184444,1.09526765697893,0,0.0729161550620119,0.0937108257054329,1,TRUE,0.967688667371495,"nn_exact_1to1",0.879841008886022,FALSE,FALSE,10,FALSE,"caliper kept 0.880 of the structurally matchable units, below 0.90","mahal_pscal",0.927652800033297,0.0302573868582721,0.0877785050533323,NA,NA,"",TRUE
"UP_UNP","augmented","rmahal_cal025",3794,27,3,99298,17,"Error : No units were matched.",30,99315,4,30,0,TRUE,0.0171172531843125,"complete, 3 levels failed carrying 0.02% of treated units",0.038201681518401,95521,11,0.078954486778576,0.013531199879772,0,0.98108796018409,1.13818835143168,0,0.0447196366874552,0.0975224037954665,1,TRUE,0.967688667371495,"nn_exact_1to1",0.039477243876553,FALSE,FALSE,11,FALSE,"caliper kept 0.039 of the structurally matchable units, below 0.90","mahal_pscal",0.927652800033297,0.0302573868582721,0.0877785050533323,NA,NA,"",TRUE
"UP_UNP","baseline","mahal_pscal",87769,30,0,99919,0,"",30,99919,3,30,0,TRUE,0,"complete",0.878401505219228,12150,8,0.0626565419257006,0.0253054427202411,0,0.9806994023476,1.09407994192889,0,0.0662031365872418,0.0859301119985416,1,TRUE,0.968014091414045,"nn_exact_1to1",0.907426361878767,TRUE,TRUE,1,TRUE,"above the floor and passing","mahal_pscal",0.907426361878767,0.0253054427202411,0.0626565419257006,0,0,"",TRUE
"UP_UNP","baseline","mahal_nocal",96723,30,0,99919,0,"",30,99919,3,30,0,TRUE,0,"complete",0.968014091414045,3196,8,0.172600815721197,0.0804619639406311,3,0.946027708196997,1.31083094071844,0,0.087877879420602,0.117335070252163,1,FALSE,0.968014091414045,"nn_exact_1to1",1,TRUE,FALSE,2,FALSE,"above the floor, 3 covariates over SMD 0.10, 0 outside the VR window","mahal_pscal",0.907426361878767,0.0253054427202411,0.0626565419257006,NA,NA,"",TRUE
"UP_UNP","baseline","bart_nocal",96723,30,0,99919,0,"",30,99919,3,30,0,TRUE,0,"complete",0.968014091414045,3196,8,0.181787637542192,0.0840506505999323,3,0.944807760638877,1.36910729325953,0,0.0878045980479669,0.117221343424004,1,FALSE,0.968014091414045,"nn_exact_1to1",1,TRUE,FALSE,3,FALSE,"above the floor, 3 covariates over SMD 0.10, 0 outside the VR window","mahal_pscal",0.907426361878767,0.0253054427202411,0.0626565419257006,NA,NA,"",TRUE
"UP_UNP","baseline","elastic_nocal",96718,27,3,99914,5,"Error in lognet(x, is.sparse, y, weights, offset, alpha, nobs, nvars,  : 
  one multinomial or binomial class has 1 or 0 observations; not allowed",30,99919,3,30,0,TRUE,0.00500405328315936,"complete, 3 levels failed carrying 0.01% of treated units",0.967964050881214,3201,8,0.183575496797168,0.0857308199777675,3,0.941216528117385,1.37332795409005,0,0.0888876541837779,0.118623213879526,1,FALSE,0.968014091414045,"nn_exact_1to1",0.999948305987201,TRUE,FALSE,4,FALSE,"above the floor, 3 covariates over SMD 0.10, 0 outside the VR window","mahal_pscal",0.907426361878767,0.0253054427202411,0.0626565419257006,NA,NA,"",TRUE
"UP_UNP","baseline","glm_nocal",96723,30,0,99919,0,"",30,99919,3,30,0,TRUE,0,"complete",0.968014091414045,3196,8,0.183645084435697,0.0856747948581986,3,0.942181430353961,1.3736597196111,0,0.0888091512392578,0.118544710151671,1,FALSE,0.968014091414045,"nn_exact_1to1",1,TRUE,FALSE,5,FALSE,"above the floor, 3 covariates over SMD 0.10, 0 outside the VR window","mahal_pscal",0.907426361878767,0.0253054427202411,0.0626565419257006,NA,NA,"",TRUE
"UP_UNP","baseline","rmahal_nocal",96723,30,0,99919,0,"",30,99919,3,30,0,TRUE,0,"complete",0.968014091414045,3196,8,0.190480475969182,0.0885051220150731,3,0.789934634257815,1.33783942836602,0,0.0563517447801155,0.109446563898969,1,FALSE,0.968014091414045,"nn_exact_1to1",1,TRUE,FALSE,6,FALSE,"above the floor, 3 covariates over SMD 0.10, 0 outside the VR window","mahal_pscal",0.907426361878767,0.0253054427202411,0.0626565419257006,NA,NA,"",TRUE
"UP_UNP","baseline","nn_exact_1to1",96723,30,0,99919,0,"",30,99919,3,30,0,TRUE,0,"complete",0.968014091414045,3196,8,0.386230740569993,0.211783182013658,6,0.0931832448958415,1.33393362110064,1,0.167414752858959,0.235610971537277,1,FALSE,0.968014091414045,"nn_exact_1to1",1,TRUE,FALSE,7,FALSE,"above the floor, 6 covariates over SMD 0.10, 1 outside the VR window","mahal_pscal",0.907426361878767,0.0253054427202411,0.0626565419257006,NA,NA,"",TRUE
"UP_UNP","baseline","rmahal_cal025",1465,28,2,99908,11,"Error : No units were matched.",30,99919,3,30,0,TRUE,0.0110089172229506,"complete, 2 levels failed carrying 0.01% of treated units",0.0146618761196569,98454,8,0.00972284126547135,0.00358278394164612,0,0.979623761702281,1.02074862756796,0,0.0429312942065914,0.118088737201365,1,TRUE,0.968014091414045,"nn_exact_1to1",0.0151463457502352,FALSE,FALSE,8,FALSE,"caliper kept 0.015 of the structurally matchable units, below 0.90","mahal_pscal",0.907426361878767,0.0253054427202411,0.0626565419257006,NA,NA,"",TRUE
"UP_UNP","baseline","elastic_cal025",83341,27,3,99914,5,"Error in h(simpleError(msg, call)) : 
  error in evaluating the argument 'x' in selecting a method for function 'drop': non-conformable arguments | Error in lognet(x, is.sparse, y, weights, offset, alpha, nobs, nvars,  : 
  one multinomial or binomial class has 1 or 0 observations; not allowed",30,99919,3,30,0,TRUE,0.00500405328315936,"complete, 3 levels failed carrying 0.01% of treated units",0.834085609343568,16578,8,0.0446816737784625,0.0162554893297197,0,0.990952440790929,1.07319300576816,0,0.0673834906017417,0.0880239018010344,1,TRUE,0.968014091414045,"nn_exact_1to1",0.861646144143585,FALSE,FALSE,9,FALSE,"caliper kept 0.862 of the structurally matchable units, below 0.90","mahal_pscal",0.907426361878767,0.0253054427202411,0.0626565419257006,NA,NA,"",TRUE
